행정기관코드,통계년월,시도명,시군구명,읍면동명,계,남자,여자
1111051500,2025-10-31,서울특별시,종로구,청운효자동,5,1,4
1111053000,2025-10-31,서울특별시,종로구,사직동,0,0,0
1111054000,2025-10-31,서울특별시,종로구,삼청동,0,0,0
1111055000,2025-10-31,서울특별시,종로구,부암동,3,1,2
1111056000,2025-10-31,서울특별시,종로구,평창동,5,2,3
1111057000,2025-10-31,서울특별시,종로구,무악동,3,1,2
1111058000,2025-10-31,서울특별시,종로구,교남동,4,0,4
1111060000,2025-10-31,서울특별시,종로구,가회동,0,0,0
1111061500,2025-10-31,서울특별시,종로구,종로1.2.3.4가동,3,2,1
1111063000,2025-10-31,서울특별시,종로구,종로5.6가동,5,2,3
1111064000,2025-10-31,서울특별시,종로구,이화동,1,1,0
1111065000,2025-10-31,서울특별시,종로구,혜화동,6,3,3
1111067000,2025-10-31,서울특별시,종로구,창신제1동,1,1,0
1111068000,2025-10-31,서울특별시,종로구,창신제2동,1,1,0
1111069000,2025-10-31,서울특별시,종로구,창신제3동,1,1,0
1111070000,2025-10-31,서울특별시,종로구,숭인제1동,0,0,0
1111071000,2025-10-31,서울특별시,종로구,숭인제2동,4,2,2
1114052000,2025-10-31,서울특별시,중구,소공동,2,2,0
1114054000,2025-10-31,서울특별시,중구,회현동,2,0,2
1114055000,2025-10-31,서울특별시,중구,명동,1,0,1
1114057000,2025-10-31,서울특별시,중구,필동,2,1,1
1114058000,2025-10-31,서울특별시,중구,장충동,3,2,1
1114059000,2025-10-31,서울특별시,중구,광희동,0,0,0
1114060500,2025-10-31,서울특별시,중구,을지로동,7,2,5
1114061500,2025-10-31,서울특별시,중구,신당동,2,2,0
1114062500,2025-10-31,서울특별시,중구,다산동,5,2,3
1114063500,2025-10-31,서울특별시,중구,약수동,8,6,2
1114064500,2025-10-31,서울특별시,중구,청구동,10,6,4
1114065000,2025-10-31,서울특별시,중구,신당제5동,3,1,2
1114066500,2025-10-31,서울특별시,중구,동화동,2,1,1
1114067000,2025-10-31,서울특별시,중구,황학동,11,7,4
1114068000,2025-10-31,서울특별시,중구,중림동,18,10,8
1117051000,2025-10-31,서울특별시,용산구,후암동,5,1,4
1117052000,2025-10-31,서울특별시,용산구,용산2가동,1,1,0
1117053000,2025-10-31,서울특별시,용산구,남영동,3,3,0
1117055500,2025-10-31,서울특별시,용산구,청파동,5,3,2
1117056000,2025-10-31,서울특별시,용산구,원효로제1동,10,5,5
1117057000,2025-10-31,서울특별시,용산구,원효로제2동,8,5,3
1117058000,2025-10-31,서울특별시,용산구,효창동,13,5,8
1117059000,2025-10-31,서울특별시,용산구,용문동,5,2,3
1117062500,2025-10-31,서울특별시,용산구,한강로동,14,7,7
1117063000,2025-10-31,서울특별시,용산구,이촌제1동,16,4,12
1117064000,2025-10-31,서울특별시,용산구,이촌제2동,5,2,3
1117065000,2025-10-31,서울특별시,용산구,이태원제1동,3,0,3
1117066000,2025-10-31,서울특별시,용산구,이태원제2동,2,2,0
1117068500,2025-10-31,서울특별시,용산구,한남동,9,3,6
1117069000,2025-10-31,서울특별시,용산구,서빙고동,7,3,4
1117070000,2025-10-31,서울특별시,용산구,보광동,2,1,1
1120052000,2025-10-31,서울특별시,성동구,왕십리제2동,7,4,3
1120053500,2025-10-31,서울특별시,성동구,왕십리도선동,14,8,6
1120054000,2025-10-31,서울특별시,성동구,마장동,7,3,4
1120055000,2025-10-31,서울특별시,성동구,사근동,3,1,2
1120056000,2025-10-31,서울특별시,성동구,행당제1동,11,5,6
1120057000,2025-10-31,서울특별시,성동구,행당제2동,18,7,11
1120058000,2025-10-31,서울특별시,성동구,응봉동,10,5,5
1120059000,2025-10-31,서울특별시,성동구,금호1가동,11,8,3
1120061500,2025-10-31,서울특별시,성동구,금호2.3가동,21,13,8
1120062000,2025-10-31,서울특별시,성동구,금호4가동,15,7,8
1120064500,2025-10-31,서울특별시,성동구,옥수동,24,15,9
1120065000,2025-10-31,서울특별시,성동구,성수1가제1동,6,2,4
1120066000,2025-10-31,서울특별시,성동구,성수1가제2동,10,7,3
1120067000,2025-10-31,서울특별시,성동구,성수2가제1동,6,4,2
1120069000,2025-10-31,서울특별시,성동구,성수2가제3동,2,1,1
1120072000,2025-10-31,서울특별시,성동구,송정동,3,1,2
1120079000,2025-10-31,서울특별시,성동구,용답동,8,5,3
1121571000,2025-10-31,서울특별시,광진구,화양동,3,2,1
1121573000,2025-10-31,서울특별시,광진구,군자동,3,1,2
1121574000,2025-10-31,서울특별시,광진구,중곡제1동,1,0,1
1121575000,2025-10-31,서울특별시,광진구,중곡제2동,4,3,1
1121576000,2025-10-31,서울특별시,광진구,중곡제3동,6,5,1
1121577000,2025-10-31,서울특별시,광진구,중곡제4동,9,6,3
1121578000,2025-10-31,서울특별시,광진구,능동,3,1,2
1121581000,2025-10-31,서울특별시,광진구,광장동,17,9,8
1121582000,2025-10-31,서울특별시,광진구,자양제1동,13,7,6
1121583000,2025-10-31,서울특별시,광진구,자양제2동,17,12,5
1121584000,2025-10-31,서울특별시,광진구,자양제3동,12,6,6
1121584700,2025-10-31,서울특별시,광진구,자양제4동,8,6,2
1121585000,2025-10-31,서울특별시,광진구,구의제1동,4,3,1
1121586000,2025-10-31,서울특별시,광진구,구의제2동,6,2,4
1121587000,2025-10-31,서울특별시,광진구,구의제3동,22,16,6
1123051500,2025-10-31,서울특별시,동대문구,신설동,11,7,4
1123053300,2025-10-31,서울특별시,동대문구,용두동,16,4,12
1123054500,2025-10-31,서울특별시,동대문구,제기동,7,5,2
1123056000,2025-10-31,서울특별시,동대문구,전농제1동,11,6,5
1123057000,2025-10-31,서울특별시,동대문구,전농제2동,12,8,4
1123060000,2025-10-31,서울특별시,동대문구,답십리제1동,12,6,6
1123061000,2025-10-31,서울특별시,동대문구,답십리제2동,21,13,8
1123065000,2025-10-31,서울특별시,동대문구,장안제1동,12,5,7
1123066000,2025-10-31,서울특별시,동대문구,장안제2동,13,8,5
1123070500,2025-10-31,서울특별시,동대문구,청량리동,5,3,2
1123071000,2025-10-31,서울특별시,동대문구,회기동,3,1,2
1123072000,2025-10-31,서울특별시,동대문구,휘경제1동,14,6,8
1123073000,2025-10-31,서울특별시,동대문구,휘경제2동,5,3,2
1123074000,2025-10-31,서울특별시,동대문구,이문제1동,11,4,7
1123075000,2025-10-31,서울특별시,동대문구,이문제2동,9,4,5
1126052000,2025-10-31,서울특별시,중랑구,면목제2동,7,3,4
1126054000,2025-10-31,서울특별시,중랑구,면목제4동,6,3,3
1126055000,2025-10-31,서울특별시,중랑구,면목제5동,11,4,7
1126056500,2025-10-31,서울특별시,중랑구,면목본동,13,7,6
1126057000,2025-10-31,서울특별시,중랑구,면목제7동,11,7,4
1126057500,2025-10-31,서울특별시,중랑구,면목제3.8동,12,8,4
1126058000,2025-10-31,서울특별시,중랑구,상봉제1동,16,7,9
1126059000,2025-10-31,서울특별시,중랑구,상봉제2동,14,4,10
1126060000,2025-10-31,서울특별시,중랑구,중화제1동,6,4,2
1126061000,2025-10-31,서울특별시,중랑구,중화제2동,8,4,4
1126062000,2025-10-31,서울특별시,중랑구,묵제1동,11,5,6
1126063000,2025-10-31,서울특별시,중랑구,묵제2동,4,1,3
1126065500,2025-10-31,서울특별시,중랑구,망우본동,21,12,9
1126066000,2025-10-31,서울특별시,중랑구,망우제3동,2,1,1
1126068000,2025-10-31,서울특별시,중랑구,신내1동,9,4,5
1126069000,2025-10-31,서울특별시,중랑구,신내2동,15,8,7
1129052500,2025-10-31,서울특별시,성북구,성북동,5,2,3
1129055500,2025-10-31,서울특별시,성북구,삼선동,3,1,2
1129057500,2025-10-31,서울특별시,성북구,동선동,3,1,2
1129058000,2025-10-31,서울특별시,성북구,돈암제1동,7,4,3
1129059000,2025-10-31,서울특별시,성북구,돈암제2동,12,8,4
1129060000,2025-10-31,서울특별시,성북구,안암동,1,0,1
1129061000,2025-10-31,서울특별시,성북구,보문동,8,3,5
1129062000,2025-10-31,서울특별시,성북구,정릉제1동,9,3,6
1129063000,2025-10-31,서울특별시,성북구,정릉제2동,8,6,2
1129064000,2025-10-31,서울특별시,성북구,정릉제3동,5,0,5
1129065000,2025-10-31,서울특별시,성북구,정릉제4동,12,5,7
1129066000,2025-10-31,서울특별시,성북구,길음제1동,16,10,6
1129068500,2025-10-31,서울특별시,성북구,길음제2동,9,8,1
1129070500,2025-10-31,서울특별시,성북구,종암동,16,6,10
1129071500,2025-10-31,서울특별시,성북구,월곡제1동,19,12,7
1129072500,2025-10-31,서울특별시,성북구,월곡제2동,4,2,2
1129076000,2025-10-31,서울특별시,성북구,장위제1동,12,8,4
1129077000,2025-10-31,서울특별시,성북구,장위제2동,14,10,4
1129078000,2025-10-31,서울특별시,성북구,장위제3동,9,5,4
1129081000,2025-10-31,서울특별시,성북구,석관동,13,5,8
1130553400,2025-10-31,서울특별시,강북구,삼양동,9,4,5
1130553500,2025-10-31,서울특별시,강북구,미아동,3,2,1
1130554500,2025-10-31,서울특별시,강북구,송중동,8,1,7
1130555500,2025-10-31,서울특별시,강북구,송천동,3,1,2
1130557500,2025-10-31,서울특별시,강북구,삼각산동,6,3,3
1130559500,2025-10-31,서울특별시,강북구,번1동,2,1,1
1130560300,2025-10-31,서울특별시,강북구,번2동,0,0,0
1130560800,2025-10-31,서울특별시,강북구,번3동,11,5,6
1130561500,2025-10-31,서울특별시,강북구,수유1동,5,2,3
1130562500,2025-10-31,서울특별시,강북구,수유2동,1,1,0
1130563500,2025-10-31,서울특별시,강북구,수유3동,4,4,0
1130564500,2025-10-31,서울특별시,강북구,우이동,4,2,2
1130566000,2025-10-31,서울특별시,강북구,인수동,8,5,3
1132051100,2025-10-31,서울특별시,도봉구,창제1동,16,8,8
1132051200,2025-10-31,서울특별시,도봉구,창제2동,8,3,5
1132051300,2025-10-31,서울특별시,도봉구,창제3동,2,1,1
1132051400,2025-10-31,서울특별시,도봉구,창제4동,15,7,8
1132051500,2025-10-31,서울특별시,도봉구,창제5동,13,9,4
1132052100,2025-10-31,서울특별시,도봉구,도봉제1동,7,2,5
1132052200,2025-10-31,서울특별시,도봉구,도봉제2동,7,1,6
1132066000,2025-10-31,서울특별시,도봉구,쌍문제1동,10,5,5
1132067000,2025-10-31,서울특별시,도봉구,쌍문제2동,3,2,1
1132068000,2025-10-31,서울특별시,도봉구,쌍문제3동,8,4,4
1132068100,2025-10-31,서울특별시,도봉구,쌍문제4동,7,6,1
1132069000,2025-10-31,서울특별시,도봉구,방학제1동,5,1,4
1132070000,2025-10-31,서울특별시,도봉구,방학제2동,4,2,2
1132071000,2025-10-31,서울특별시,도봉구,방학제3동,6,3,3
1135056000,2025-10-31,서울특별시,노원구,월계1동,3,1,2
1135057000,2025-10-31,서울특별시,노원구,월계2동,7,4,3
1135058000,2025-10-31,서울특별시,노원구,월계3동,23,11,12
1135059500,2025-10-31,서울특별시,노원구,공릉1동,11,3,8
1135060000,2025-10-31,서울특별시,노원구,공릉2동,23,14,9
1135061100,2025-10-31,서울특별시,노원구,하계1동,9,5,4
1135061200,2025-10-31,서울특별시,노원구,하계2동,8,3,5
1135061900,2025-10-31,서울특별시,노원구,중계본동,1,1,0
1135062100,2025-10-31,서울특별시,노원구,중계1동,3,2,1
1135062400,2025-10-31,서울특별시,노원구,중계4동,3,0,3
1135062500,2025-10-31,서울특별시,노원구,중계2.3동,9,4,5
1135063000,2025-10-31,서울특별시,노원구,상계1동,12,5,7
1135064000,2025-10-31,서울특별시,노원구,상계2동,5,2,3
1135066500,2025-10-31,서울특별시,노원구,상계3.4동,7,4,3
1135067000,2025-10-31,서울특별시,노원구,상계5동,10,5,5
1135069500,2025-10-31,서울특별시,노원구,상계6.7동,22,13,9
1135070000,2025-10-31,서울특별시,노원구,상계8동,23,12,11
1135071000,2025-10-31,서울특별시,노원구,상계9동,11,5,6
1135072000,2025-10-31,서울특별시,노원구,상계10동,10,8,2
1138051000,2025-10-31,서울특별시,은평구,녹번동,16,7,9
1138052000,2025-10-31,서울특별시,은평구,불광제1동,10,5,5
1138053000,2025-10-31,서울특별시,은평구,불광제2동,6,1,5
1138055100,2025-10-31,서울특별시,은평구,갈현제1동,3,2,1
1138055200,2025-10-31,서울특별시,은평구,갈현제2동,12,7,5
1138056000,2025-10-31,서울특별시,은평구,구산동,7,3,4
1138057000,2025-10-31,서울특별시,은평구,대조동,13,6,7
1138058000,2025-10-31,서울특별시,은평구,응암제1동,16,7,9
1138059000,2025-10-31,서울특별시,은평구,응암제2동,14,5,9
1138060000,2025-10-31,서울특별시,은평구,응암제3동,3,1,2
1138062500,2025-10-31,서울특별시,은평구,역촌동,15,7,8
1138063100,2025-10-31,서울특별시,은평구,신사제1동,12,6,6
1138063200,2025-10-31,서울특별시,은평구,신사제2동,6,1,5
1138064000,2025-10-31,서울특별시,은평구,증산동,6,4,2
1138065000,2025-10-31,서울특별시,은평구,수색동,20,10,10
1138069000,2025-10-31,서울특별시,은평구,진관동,10,6,4
1141052000,2025-10-31,서울특별시,서대문구,천연동,11,6,5
1141055500,2025-10-31,서울특별시,서대문구,북아현동,9,4,5
1141056500,2025-10-31,서울특별시,서대문구,충현동,10,6,4
1141058500,2025-10-31,서울특별시,서대문구,신촌동,3,2,1
1141061500,2025-10-31,서울특별시,서대문구,연희동,11,5,6
1141062000,2025-10-31,서울특별시,서대문구,홍제제1동,4,2,2
1141064000,2025-10-31,서울특별시,서대문구,홍제제3동,2,1,1
1141065500,2025-10-31,서울특별시,서대문구,홍제제2동,5,4,1
1141066000,2025-10-31,서울특별시,서대문구,홍은제1동,7,4,3
1141068500,2025-10-31,서울특별시,서대문구,홍은제2동,8,2,6
1141069000,2025-10-31,서울특별시,서대문구,남가좌제1동,5,5,0
1141070000,2025-10-31,서울특별시,서대문구,남가좌제2동,16,8,8
1141071000,2025-10-31,서울특별시,서대문구,북가좌제1동,6,1,5
1141072000,2025-10-31,서울특별시,서대문구,북가좌제2동,7,5,2
1144055500,2025-10-31,서울특별시,마포구,아현동,34,18,16
1144056500,2025-10-31,서울특별시,마포구,공덕동,18,8,10
1144058500,2025-10-31,서울특별시,마포구,도화동,9,4,5
1144059000,2025-10-31,서울특별시,마포구,용강동,11,6,5
1144060000,2025-10-31,서울특별시,마포구,대흥동,6,4,2
1144061000,2025-10-31,서울특별시,마포구,염리동,13,7,6
1144063000,2025-10-31,서울특별시,마포구,신수동,10,6,4
1144065500,2025-10-31,서울특별시,마포구,서강동,11,5,6
1144066000,2025-10-31,서울특별시,마포구,서교동,2,0,2
1144068000,2025-10-31,서울특별시,마포구,합정동,5,2,3
1144069000,2025-10-31,서울특별시,마포구,망원제1동,7,4,3
1144070000,2025-10-31,서울특별시,마포구,망원제2동,4,2,2
1144071000,2025-10-31,서울특별시,마포구,연남동,4,3,1
1144072000,2025-10-31,서울특별시,마포구,성산제1동,5,4,1
1144073000,2025-10-31,서울특별시,마포구,성산제2동,26,10,16
1144074000,2025-10-31,서울특별시,마포구,상암동,7,3,4
1147051000,2025-10-31,서울특별시,양천구,목1동,10,6,4
1147052000,2025-10-31,서울특별시,양천구,목2동,14,7,7
1147053000,2025-10-31,서울특별시,양천구,목3동,9,3,6
1147054000,2025-10-31,서울특별시,양천구,목4동,3,1,2
1147055000,2025-10-31,서울특별시,양천구,목5동,6,2,4
1147056000,2025-10-31,서울특별시,양천구,신월1동,5,3,2
1147057000,2025-10-31,서울특별시,양천구,신월2동,8,3,5
1147058000,2025-10-31,서울특별시,양천구,신월3동,5,1,4
1147059000,2025-10-31,서울특별시,양천구,신월4동,7,6,1
1147060000,2025-10-31,서울특별시,양천구,신월5동,5,3,2
1147061000,2025-10-31,서울특별시,양천구,신월6동,9,7,2
1147061100,2025-10-31,서울특별시,양천구,신월7동,8,1,7
1147062000,2025-10-31,서울특별시,양천구,신정1동,1,1,0
1147063000,2025-10-31,서울특별시,양천구,신정2동,2,2,0
1147064000,2025-10-31,서울특별시,양천구,신정3동,18,8,10
1147065000,2025-10-31,서울특별시,양천구,신정4동,11,7,4
1147067000,2025-10-31,서울특별시,양천구,신정6동,7,3,4
1147068000,2025-10-31,서울특별시,양천구,신정7동,10,5,5
1150051000,2025-10-31,서울특별시,강서구,염창동,27,17,10
1150052000,2025-10-31,서울특별시,강서구,등촌제1동,17,7,10
1150053000,2025-10-31,서울특별시,강서구,등촌제2동,18,9,9
1150053500,2025-10-31,서울특별시,강서구,등촌제3동,15,7,8
1150054000,2025-10-31,서울특별시,강서구,화곡제1동,16,8,8
1150055000,2025-10-31,서울특별시,강서구,화곡제2동,7,5,2
1150056000,2025-10-31,서울특별시,강서구,화곡제3동,4,3,1
1150057000,2025-10-31,서울특별시,강서구,화곡제4동,5,4,1
1150059000,2025-10-31,서울특별시,강서구,화곡본동,11,6,5
1150059100,2025-10-31,서울특별시,강서구,화곡제6동,12,8,4
1150059300,2025-10-31,서울특별시,강서구,화곡제8동,6,3,3
1150060300,2025-10-31,서울특별시,강서구,가양제1동,16,7,9
1150060400,2025-10-31,서울특별시,강서구,가양제2동,4,3,1
1150060500,2025-10-31,서울특별시,강서구,가양제3동,5,1,4
1150061100,2025-10-31,서울특별시,강서구,발산제1동,14,7,7
1150061500,2025-10-31,서울특별시,강서구,우장산동,17,8,9
1150062000,2025-10-31,서울특별시,강서구,공항동,14,6,8
1150063000,2025-10-31,서울특별시,강서구,방화제1동,12,7,5
1150064000,2025-10-31,서울특별시,강서구,방화제2동,12,6,6
1150064100,2025-10-31,서울특별시,강서구,방화제3동,9,4,5
1153051000,2025-10-31,서울특별시,구로구,신도림동,22,11,11
1153052000,2025-10-31,서울특별시,구로구,구로제1동,8,5,3
1153053000,2025-10-31,서울특별시,구로구,구로제2동,6,2,4
1153054000,2025-10-31,서울특별시,구로구,구로제3동,10,6,4
1153055000,2025-10-31,서울특별시,구로구,구로제4동,3,1,2
1153056000,2025-10-31,서울특별시,구로구,구로제5동,26,13,13
1153059500,2025-10-31,서울특별시,구로구,가리봉동,2,2,0
1153072000,2025-10-31,서울특별시,구로구,고척제1동,24,12,12
1153073000,2025-10-31,서울특별시,구로구,고척제2동,11,4,7
1153074000,2025-10-31,서울특별시,구로구,개봉제1동,24,11,13
1153075000,2025-10-31,서울특별시,구로구,개봉제2동,17,12,5
1153076000,2025-10-31,서울특별시,구로구,개봉제3동,2,2,0
1153077000,2025-10-31,서울특별시,구로구,오류제1동,17,9,8
1153078000,2025-10-31,서울특별시,구로구,오류제2동,8,4,4
1153079000,2025-10-31,서울특별시,구로구,수궁동,6,3,3
1153080000,2025-10-31,서울특별시,구로구,항동,12,7,5
1154551000,2025-10-31,서울특별시,금천구,가산동,8,3,5
1154561000,2025-10-31,서울특별시,금천구,독산제1동,18,6,12
1154562000,2025-10-31,서울특별시,금천구,독산제2동,3,3,0
1154563000,2025-10-31,서울특별시,금천구,독산제3동,7,2,5
1154564000,2025-10-31,서울특별시,금천구,독산제4동,0,0,0
1154567000,2025-10-31,서울특별시,금천구,시흥제1동,16,10,6
1154568000,2025-10-31,서울특별시,금천구,시흥제2동,5,2,3
1154569000,2025-10-31,서울특별시,금천구,시흥제3동,2,0,2
1154570000,2025-10-31,서울특별시,금천구,시흥제4동,6,4,2
1154571000,2025-10-31,서울특별시,금천구,시흥제5동,5,2,3
1156051500,2025-10-31,서울특별시,영등포구,영등포본동,11,7,4
1156053500,2025-10-31,서울특별시,영등포구,영등포동,14,4,10
1156054000,2025-10-31,서울특별시,영등포구,여의동,21,13,8
1156055000,2025-10-31,서울특별시,영등포구,당산제1동,13,5,8
1156056000,2025-10-31,서울특별시,영등포구,당산제2동,15,8,7
1156058500,2025-10-31,서울특별시,영등포구,도림동,11,6,5
1156060500,2025-10-31,서울특별시,영등포구,문래동,20,9,11
1156061000,2025-10-31,서울특별시,영등포구,양평제1동,27,12,15
1156062000,2025-10-31,서울특별시,영등포구,양평제2동,13,6,7
1156063000,2025-10-31,서울특별시,영등포구,신길제1동,9,6,3
1156065000,2025-10-31,서울특별시,영등포구,신길제3동,13,8,5
1156066000,2025-10-31,서울특별시,영등포구,신길제4동,9,6,3
1156067000,2025-10-31,서울특별시,영등포구,신길제5동,4,1,3
1156068000,2025-10-31,서울특별시,영등포구,신길제6동,9,4,5
1156069000,2025-10-31,서울특별시,영등포구,신길제7동,16,9,7
1156070000,2025-10-31,서울특별시,영등포구,대림제1동,5,3,2
1156071000,2025-10-31,서울특별시,영등포구,대림제2동,8,5,3
1156072000,2025-10-31,서울특별시,영등포구,대림제3동,9,4,5
1159051000,2025-10-31,서울특별시,동작구,노량진제1동,16,10,6
1159052000,2025-10-31,서울특별시,동작구,노량진제2동,2,1,1
1159053000,2025-10-31,서울특별시,동작구,상도제1동,20,10,10
1159054000,2025-10-31,서울특별시,동작구,상도제2동,14,8,6
1159055000,2025-10-31,서울특별시,동작구,상도제3동,5,2,3
1159056000,2025-10-31,서울특별시,동작구,상도제4동,15,8,7
1159060500,2025-10-31,서울특별시,동작구,흑석동,21,14,7
1159062000,2025-10-31,서울특별시,동작구,사당제1동,9,4,5
1159063000,2025-10-31,서울특별시,동작구,사당제2동,18,12,6
1159064000,2025-10-31,서울특별시,동작구,사당제3동,7,3,4
1159065000,2025-10-31,서울특별시,동작구,사당제4동,6,4,2
1159065100,2025-10-31,서울특별시,동작구,사당제5동,9,5,4
1159066000,2025-10-31,서울특별시,동작구,대방동,15,6,9
1159067000,2025-10-31,서울특별시,동작구,신대방제1동,11,6,5
1159068000,2025-10-31,서울특별시,동작구,신대방제2동,17,10,7
1162052500,2025-10-31,서울특별시,관악구,보라매동,3,2,1
1162054500,2025-10-31,서울특별시,관악구,청림동,9,3,6
1162056500,2025-10-31,서울특별시,관악구,성현동,13,3,10
1162057500,2025-10-31,서울특별시,관악구,행운동,6,3,3
1162058500,2025-10-31,서울특별시,관악구,낙성대동,5,1,4
1162059500,2025-10-31,서울특별시,관악구,청룡동,17,12,5
1162060500,2025-10-31,서울특별시,관악구,은천동,14,7,7
1162061500,2025-10-31,서울특별시,관악구,중앙동,0,0,0
1162062500,2025-10-31,서울특별시,관악구,인헌동,6,3,3
1162063000,2025-10-31,서울특별시,관악구,남현동,10,6,4
1162064500,2025-10-31,서울특별시,관악구,서원동,6,2,4
1162065500,2025-10-31,서울특별시,관악구,신원동,8,4,4
1162066500,2025-10-31,서울특별시,관악구,서림동,5,2,3
1162068500,2025-10-31,서울특별시,관악구,신사동,2,2,0
1162069500,2025-10-31,서울특별시,관악구,신림동,4,3,1
1162071500,2025-10-31,서울특별시,관악구,난향동,8,5,3
1162072500,2025-10-31,서울특별시,관악구,조원동,12,5,7
1162073500,2025-10-31,서울특별시,관악구,대학동,4,2,2
1162074500,2025-10-31,서울특별시,관악구,삼성동,8,6,2
1162076500,2025-10-31,서울특별시,관악구,미성동,2,2,0
1162077500,2025-10-31,서울특별시,관악구,난곡동,4,3,1
1165051000,2025-10-31,서울특별시,서초구,서초1동,10,5,5
1165052000,2025-10-31,서울특별시,서초구,서초2동,9,4,5
1165053000,2025-10-31,서울특별시,서초구,서초3동,13,11,2
1165053100,2025-10-31,서울특별시,서초구,서초4동,7,3,4
1165054000,2025-10-31,서울특별시,서초구,잠원동,19,12,7
1165055000,2025-10-31,서울특별시,서초구,반포본동,0,0,0
1165056000,2025-10-31,서울특별시,서초구,반포1동,11,6,5
1165057000,2025-10-31,서울특별시,서초구,반포2동,15,6,9
1165058000,2025-10-31,서울특별시,서초구,반포3동,10,7,3
1165058100,2025-10-31,서울특별시,서초구,반포4동,7,3,4
1165059000,2025-10-31,서울특별시,서초구,방배본동,13,6,7
1165060000,2025-10-31,서울특별시,서초구,방배1동,5,1,4
1165061000,2025-10-31,서울특별시,서초구,방배2동,4,4,0
1165062000,2025-10-31,서울특별시,서초구,방배3동,1,0,1
1165062100,2025-10-31,서울특별시,서초구,방배4동,12,6,6
1165065100,2025-10-31,서울특별시,서초구,양재1동,16,8,8
1165065200,2025-10-31,서울특별시,서초구,양재2동,9,5,4
1165066000,2025-10-31,서울특별시,서초구,내곡동,6,5,1
1168051000,2025-10-31,서울특별시,강남구,신사동,1,1,0
1168052100,2025-10-31,서울특별시,강남구,논현1동,6,4,2
1168053100,2025-10-31,서울특별시,강남구,논현2동,9,3,6
1168054500,2025-10-31,서울특별시,강남구,압구정동,10,8,2
1168056500,2025-10-31,서울특별시,강남구,청담동,12,7,5
1168058000,2025-10-31,서울특별시,강남구,삼성1동,4,3,1
1168059000,2025-10-31,서울특별시,강남구,삼성2동,19,15,4
1168060000,2025-10-31,서울특별시,강남구,대치1동,2,0,2
1168061000,2025-10-31,서울특별시,강남구,대치2동,9,4,5
1168063000,2025-10-31,서울특별시,강남구,대치4동,7,3,4
1168064000,2025-10-31,서울특별시,강남구,역삼1동,11,6,5
1168065000,2025-10-31,서울특별시,강남구,역삼2동,9,2,7
1168065500,2025-10-31,서울특별시,강남구,도곡1동,11,4,7
1168065600,2025-10-31,서울특별시,강남구,도곡2동,8,3,5
1168066000,2025-10-31,서울특별시,강남구,개포1동,17,11,6
1168067000,2025-10-31,서울특별시,강남구,개포2동,35,17,18
1168067500,2025-10-31,서울특별시,강남구,개포3동,12,9,3
1168069000,2025-10-31,서울특별시,강남구,개포4동,18,8,10
1168070000,2025-10-31,서울특별시,강남구,세곡동,31,17,14
1168072000,2025-10-31,서울특별시,강남구,일원본동,6,1,5
1168073000,2025-10-31,서울특별시,강남구,일원1동,6,3,3
1168075000,2025-10-31,서울특별시,강남구,수서동,9,8,1
1171051000,2025-10-31,서울특별시,송파구,풍납1동,3,2,1
1171052000,2025-10-31,서울특별시,송파구,풍납2동,12,6,6
1171053100,2025-10-31,서울특별시,송파구,거여1동,5,4,1
1171053200,2025-10-31,서울특별시,송파구,거여2동,20,12,8
1171054000,2025-10-31,서울특별시,송파구,마천1동,6,3,3
1171055000,2025-10-31,서울특별시,송파구,마천2동,4,1,3
1171056100,2025-10-31,서울특별시,송파구,방이1동,10,6,4
1171056200,2025-10-31,서울특별시,송파구,방이2동,12,7,5
1171056600,2025-10-31,서울특별시,송파구,오륜동,4,2,2
1171057000,2025-10-31,서울특별시,송파구,오금동,18,10,8
1171058000,2025-10-31,서울특별시,송파구,송파1동,5,3,2
1171059000,2025-10-31,서울특별시,송파구,송파2동,9,2,7
1171060000,2025-10-31,서울특별시,송파구,석촌동,9,5,4
1171061000,2025-10-31,서울특별시,송파구,삼전동,9,5,4
1171062000,2025-10-31,서울특별시,송파구,가락본동,8,4,4
1171063100,2025-10-31,서울특별시,송파구,가락1동,25,10,15
1171063200,2025-10-31,서울특별시,송파구,가락2동,11,5,6
1171064100,2025-10-31,서울특별시,송파구,문정1동,14,7,7
1171064200,2025-10-31,서울특별시,송파구,문정2동,15,9,6
1171064600,2025-10-31,서울특별시,송파구,장지동,19,11,8
1171064700,2025-10-31,서울특별시,송파구,위례동,34,18,16
1171065000,2025-10-31,서울특별시,송파구,잠실본동,7,4,3
1171067000,2025-10-31,서울특별시,송파구,잠실2동,10,6,4
1171068000,2025-10-31,서울특별시,송파구,잠실3동,20,8,12
1171069000,2025-10-31,서울특별시,송파구,잠실4동,10,5,5
1171071000,2025-10-31,서울특별시,송파구,잠실6동,6,2,4
1171072000,2025-10-31,서울특별시,송파구,잠실7동,2,2,0
1174051500,2025-10-31,서울특별시,강동구,강일동,20,14,6
1174052500,2025-10-31,서울특별시,강동구,상일제1동,14,6,8
1174052600,2025-10-31,서울특별시,강동구,상일제2동,5,4,1
1174053000,2025-10-31,서울특별시,강동구,명일제1동,18,11,7
1174054000,2025-10-31,서울특별시,강동구,명일제2동,3,2,1
1174055000,2025-10-31,서울특별시,강동구,고덕제1동,7,4,3
1174056000,2025-10-31,서울특별시,강동구,고덕제2동,20,9,11
1174057000,2025-10-31,서울특별시,강동구,암사제1동,13,9,4
1174058000,2025-10-31,서울특별시,강동구,암사제2동,8,4,4
1174059000,2025-10-31,서울특별시,강동구,암사제3동,9,4,5
1174060000,2025-10-31,서울특별시,강동구,천호제1동,12,6,6
1174061000,2025-10-31,서울특별시,강동구,천호제2동,18,7,11
1174062000,2025-10-31,서울특별시,강동구,천호제3동,13,4,9
1174064000,2025-10-31,서울특별시,강동구,성내제1동,12,5,7
1174065000,2025-10-31,서울특별시,강동구,성내제2동,8,6,2
1174066000,2025-10-31,서울특별시,강동구,성내제3동,12,8,4
1174068500,2025-10-31,서울특별시,강동구,길동,26,14,12
1174069000,2025-10-31,서울특별시,강동구,둔촌제1동,36,18,18
1174070000,2025-10-31,서울특별시,강동구,둔촌제2동,17,6,11
2611051000,2025-10-31,부산광역시,중구,중앙동,2,2,0
2611052000,2025-10-31,부산광역시,중구,동광동,0,0,0
2611053000,2025-10-31,부산광역시,중구,대청동,0,0,0
2611054500,2025-10-31,부산광역시,중구,보수동,3,1,2
2611056000,2025-10-31,부산광역시,중구,부평동,1,0,1
2611057000,2025-10-31,부산광역시,중구,광복동,0,0,0
2611058000,2025-10-31,부산광역시,중구,남포동,0,0,0
2611059000,2025-10-31,부산광역시,중구,영주제1동,1,0,1
2611060000,2025-10-31,부산광역시,중구,영주제2동,1,1,0
2614051000,2025-10-31,부산광역시,서구,동대신제1동,2,1,1
2614052000,2025-10-31,부산광역시,서구,동대신제2동,1,0,1
2614053000,2025-10-31,부산광역시,서구,동대신제3동,3,1,2
2614054000,2025-10-31,부산광역시,서구,서대신제1동,3,0,3
2614056000,2025-10-31,부산광역시,서구,서대신제3동,2,2,0
2614057000,2025-10-31,부산광역시,서구,서대신제4동,5,2,3
2614059000,2025-10-31,부산광역시,서구,부민동,2,1,1
2614061500,2025-10-31,부산광역시,서구,아미동,2,0,2
2614063000,2025-10-31,부산광역시,서구,초장동,0,0,0
2614064000,2025-10-31,부산광역시,서구,충무동,8,6,2
2614065000,2025-10-31,부산광역시,서구,남부민제1동,1,0,1
2614066000,2025-10-31,부산광역시,서구,남부민제2동,0,0,0
2614068000,2025-10-31,부산광역시,서구,암남동,6,1,5
2617051000,2025-10-31,부산광역시,동구,초량제1동,0,0,0
2617052000,2025-10-31,부산광역시,동구,초량제2동,1,1,0
2617053000,2025-10-31,부산광역시,동구,초량제3동,8,3,5
2617055000,2025-10-31,부산광역시,동구,초량제6동,0,0,0
2617056000,2025-10-31,부산광역시,동구,수정제1동,1,1,0
2617057000,2025-10-31,부산광역시,동구,수정제2동,7,4,3
2617059000,2025-10-31,부산광역시,동구,수정제4동,0,0,0
2617060000,2025-10-31,부산광역시,동구,수정제5동,0,0,0
2617064500,2025-10-31,부산광역시,동구,좌천동,5,3,2
2617065000,2025-10-31,부산광역시,동구,범일제1동,3,2,1
2617066000,2025-10-31,부산광역시,동구,범일제2동,0,0,0
2617068000,2025-10-31,부산광역시,동구,범일제5동,11,3,8
2620053000,2025-10-31,부산광역시,영도구,남항동,4,3,1
2620054000,2025-10-31,부산광역시,영도구,영선제1동,1,1,0
2620055000,2025-10-31,부산광역시,영도구,영선제2동,5,3,2
2620058500,2025-10-31,부산광역시,영도구,신선동,0,0,0
2620059000,2025-10-31,부산광역시,영도구,봉래제1동,1,0,1
2620060500,2025-10-31,부산광역시,영도구,봉래제2동,5,2,3
2620063000,2025-10-31,부산광역시,영도구,청학제1동,6,4,2
2620064000,2025-10-31,부산광역시,영도구,청학제2동,7,1,6
2620065000,2025-10-31,부산광역시,영도구,동삼제1동,16,7,9
2620066000,2025-10-31,부산광역시,영도구,동삼제2동,3,0,3
2620067000,2025-10-31,부산광역시,영도구,동삼제3동,0,0,0
2623051000,2025-10-31,부산광역시,부산진구,부전제1동,4,4,0
2623052000,2025-10-31,부산광역시,부산진구,부전제2동,8,4,4
2623054000,2025-10-31,부산광역시,부산진구,연지동,12,5,7
2623055000,2025-10-31,부산광역시,부산진구,초읍동,2,2,0
2623056000,2025-10-31,부산광역시,부산진구,양정제1동,5,1,4
2623057000,2025-10-31,부산광역시,부산진구,양정제2동,23,13,10
2623060000,2025-10-31,부산광역시,부산진구,전포제1동,8,2,6
2623061000,2025-10-31,부산광역시,부산진구,전포제2동,8,4,4
2623064000,2025-10-31,부산광역시,부산진구,부암제1동,21,8,13
2623066000,2025-10-31,부산광역시,부산진구,부암제3동,25,10,15
2623067000,2025-10-31,부산광역시,부산진구,당감제1동,3,3,0
2623068000,2025-10-31,부산광역시,부산진구,당감제2동,4,3,1
2623070000,2025-10-31,부산광역시,부산진구,당감제4동,1,0,1
2623071000,2025-10-31,부산광역시,부산진구,가야제1동,3,1,2
2623072000,2025-10-31,부산광역시,부산진구,가야제2동,6,2,4
2623074000,2025-10-31,부산광역시,부산진구,개금제1동,9,5,4
2623075000,2025-10-31,부산광역시,부산진구,개금제2동,2,1,1
2623076000,2025-10-31,부산광역시,부산진구,개금제3동,7,5,2
2623077000,2025-10-31,부산광역시,부산진구,범천제1동,2,2,0
2623078000,2025-10-31,부산광역시,부산진구,범천제2동,15,5,10
2626051000,2025-10-31,부산광역시,동래구,수민동,11,9,2
2626052000,2025-10-31,부산광역시,동래구,복산동,2,2,0
2626054500,2025-10-31,부산광역시,동래구,명륜동,10,3,7
2626055000,2025-10-31,부산광역시,동래구,온천제1동,34,20,14
2626056000,2025-10-31,부산광역시,동래구,온천제2동,11,6,5
2626057000,2025-10-31,부산광역시,동래구,온천제3동,18,7,11
2626058000,2025-10-31,부산광역시,동래구,사직제1동,10,6,4
2626059000,2025-10-31,부산광역시,동래구,사직제2동,7,3,4
2626060000,2025-10-31,부산광역시,동래구,사직제3동,3,1,2
2626074000,2025-10-31,부산광역시,동래구,안락제1동,3,2,1
2626075000,2025-10-31,부산광역시,동래구,안락제2동,17,12,5
2626076100,2025-10-31,부산광역시,동래구,명장제1동,8,5,3
2626076200,2025-10-31,부산광역시,동래구,명장제2동,1,0,1
2629051000,2025-10-31,부산광역시,남구,대연제1동,1,1,0
2629053000,2025-10-31,부산광역시,남구,대연제3동,18,6,12
2629054000,2025-10-31,부산광역시,남구,대연제4동,12,7,5
2629055000,2025-10-31,부산광역시,남구,대연제5동,3,2,1
2629056000,2025-10-31,부산광역시,남구,대연제6동,13,9,4
2629057000,2025-10-31,부산광역시,남구,용호제1동,13,10,3
2629058000,2025-10-31,부산광역시,남구,용호제2동,5,1,4
2629059000,2025-10-31,부산광역시,남구,용호제3동,2,1,1
2629060000,2025-10-31,부산광역시,남구,용호제4동,2,1,1
2629061000,2025-10-31,부산광역시,남구,용당동,1,1,0
2629062000,2025-10-31,부산광역시,남구,감만제1동,1,0,1
2629063000,2025-10-31,부산광역시,남구,감만제2동,1,0,1
2629064500,2025-10-31,부산광역시,남구,우암동,3,3,0
2629068000,2025-10-31,부산광역시,남구,문현제1동,1,0,1
2629069000,2025-10-31,부산광역시,남구,문현제2동,4,3,1
2629070000,2025-10-31,부산광역시,남구,문현제3동,6,6,0
2629071000,2025-10-31,부산광역시,남구,문현제4동,4,4,0
2632051000,2025-10-31,부산광역시,북구,구포제1동,6,4,2
2632052000,2025-10-31,부산광역시,북구,구포제2동,8,6,2
2632052100,2025-10-31,부산광역시,북구,구포제3동,0,0,0
2632053000,2025-10-31,부산광역시,북구,금곡동,10,4,6
2632054100,2025-10-31,부산광역시,북구,화명제1동,24,12,12
2632054200,2025-10-31,부산광역시,북구,화명제2동,8,5,3
2632054300,2025-10-31,부산광역시,북구,화명제3동,9,3,6
2632055000,2025-10-31,부산광역시,북구,덕천제1동,15,8,7
2632056000,2025-10-31,부산광역시,북구,덕천제2동,4,2,2
2632056100,2025-10-31,부산광역시,북구,덕천제3동,0,0,0
2632057100,2025-10-31,부산광역시,북구,만덕제1동,8,3,5
2632057200,2025-10-31,부산광역시,북구,만덕제2동,11,6,5
2632057300,2025-10-31,부산광역시,북구,만덕제3동,5,2,3
2635051000,2025-10-31,부산광역시,해운대구,우제1동,9,5,4
2635052000,2025-10-31,부산광역시,해운대구,우제2동,19,10,9
2635052500,2025-10-31,부산광역시,해운대구,우제3동,7,2,5
2635053000,2025-10-31,부산광역시,해운대구,중제1동,9,5,4
2635054000,2025-10-31,부산광역시,해운대구,중제2동,8,7,1
2635055100,2025-10-31,부산광역시,해운대구,좌제1동,7,4,3
2635055200,2025-10-31,부산광역시,해운대구,좌제2동,5,3,2
2635055300,2025-10-31,부산광역시,해운대구,좌제3동,10,5,5
2635055400,2025-10-31,부산광역시,해운대구,좌제4동,8,4,4
2635056000,2025-10-31,부산광역시,해운대구,송정동,2,1,1
2635057000,2025-10-31,부산광역시,해운대구,반여제1동,12,6,6
2635058000,2025-10-31,부산광역시,해운대구,반여제2동,2,2,0
2635059000,2025-10-31,부산광역시,해운대구,반여제3동,0,0,0
2635059500,2025-10-31,부산광역시,해운대구,반여제4동,8,6,2
2635061000,2025-10-31,부산광역시,해운대구,반송제1동,0,0,0
2635062000,2025-10-31,부산광역시,해운대구,반송제2동,1,0,1
2635065000,2025-10-31,부산광역시,해운대구,재송제1동,9,5,4
2635066000,2025-10-31,부산광역시,해운대구,재송제2동,9,4,5
2638051000,2025-10-31,부산광역시,사하구,괴정제1동,5,3,2
2638052000,2025-10-31,부산광역시,사하구,괴정제2동,8,5,3
2638053000,2025-10-31,부산광역시,사하구,괴정제3동,2,2,0
2638054000,2025-10-31,부산광역시,사하구,괴정제4동,1,0,1
2638055000,2025-10-31,부산광역시,사하구,당리동,1,0,1
2638056100,2025-10-31,부산광역시,사하구,하단제1동,5,3,2
2638056200,2025-10-31,부산광역시,사하구,하단제2동,15,8,7
2638057100,2025-10-31,부산광역시,사하구,신평제1동,3,2,1
2638057200,2025-10-31,부산광역시,사하구,신평제2동,8,3,5
2638058000,2025-10-31,부산광역시,사하구,장림제1동,12,8,4
2638059000,2025-10-31,부산광역시,사하구,장림제2동,8,3,5
2638060100,2025-10-31,부산광역시,사하구,다대제1동,15,7,8
2638060200,2025-10-31,부산광역시,사하구,다대제2동,4,3,1
2638061000,2025-10-31,부산광역시,사하구,구평동,12,8,4
2638062000,2025-10-31,부산광역시,사하구,감천제1동,5,4,1
2638063000,2025-10-31,부산광역시,사하구,감천제2동,1,0,1
2641051000,2025-10-31,부산광역시,금정구,서제1동,1,1,0
2641052000,2025-10-31,부산광역시,금정구,서제2동,0,0,0
2641053000,2025-10-31,부산광역시,금정구,서제3동,1,1,0
2641055500,2025-10-31,부산광역시,금정구,금사회동동,0,0,0
2641057000,2025-10-31,부산광역시,금정구,부곡제1동,2,2,0
2641058000,2025-10-31,부산광역시,금정구,부곡제2동,7,6,1
2641059000,2025-10-31,부산광역시,금정구,부곡제3동,5,2,3
2641059100,2025-10-31,부산광역시,금정구,부곡제4동,3,2,1
2641060000,2025-10-31,부산광역시,금정구,장전제1동,2,1,1
2641061000,2025-10-31,부산광역시,금정구,장전제2동,11,5,6
2641063500,2025-10-31,부산광역시,금정구,선두구동,0,0,0
2641066500,2025-10-31,부산광역시,금정구,청룡노포동,2,0,2
2641067000,2025-10-31,부산광역시,금정구,남산동,2,1,1
2641068000,2025-10-31,부산광역시,금정구,구서제1동,10,6,4
2641069000,2025-10-31,부산광역시,금정구,구서제2동,8,6,2
2641070000,2025-10-31,부산광역시,금정구,금성동,0,0,0
2644051000,2025-10-31,부산광역시,강서구,대저1동,1,1,0
2644052000,2025-10-31,부산광역시,강서구,대저2동,3,0,3
2644053000,2025-10-31,부산광역시,강서구,강동동,15,7,8
2644053500,2025-10-31,부산광역시,강서구,명지1동,50,29,21
2644054500,2025-10-31,부산광역시,강서구,명지2동,19,8,11
2644055000,2025-10-31,부산광역시,강서구,가락동,0,0,0
2644056000,2025-10-31,부산광역시,강서구,녹산동,13,5,8
2644058000,2025-10-31,부산광역시,강서구,가덕도동,3,1,2
2644059000,2025-10-31,부산광역시,강서구,신호동,6,3,3
2647061000,2025-10-31,부산광역시,연제구,거제제1동,8,2,6
2647062000,2025-10-31,부산광역시,연제구,거제제2동,14,8,6
2647063000,2025-10-31,부산광역시,연제구,거제제3동,2,1,1
2647064000,2025-10-31,부산광역시,연제구,거제제4동,3,1,2
2647065000,2025-10-31,부산광역시,연제구,연산제1동,9,6,3
2647066000,2025-10-31,부산광역시,연제구,연산제2동,26,16,10
2647067000,2025-10-31,부산광역시,연제구,연산제3동,7,2,5
2647068000,2025-10-31,부산광역시,연제구,연산제4동,8,5,3
2647069000,2025-10-31,부산광역시,연제구,연산제5동,3,1,2
2647070000,2025-10-31,부산광역시,연제구,연산제6동,5,2,3
2647072000,2025-10-31,부산광역시,연제구,연산제8동,7,3,4
2647073000,2025-10-31,부산광역시,연제구,연산제9동,13,9,4
2650066000,2025-10-31,부산광역시,수영구,남천제1동,7,5,2
2650067000,2025-10-31,부산광역시,수영구,남천제2동,7,3,4
2650073000,2025-10-31,부산광역시,수영구,수영동,7,5,2
2650074000,2025-10-31,부산광역시,수영구,망미제1동,8,5,3
2650075000,2025-10-31,부산광역시,수영구,망미제2동,2,1,1
2650076000,2025-10-31,부산광역시,수영구,광안제1동,6,4,2
2650077000,2025-10-31,부산광역시,수영구,광안제2동,6,5,1
2650078000,2025-10-31,부산광역시,수영구,광안제3동,1,0,1
2650079000,2025-10-31,부산광역시,수영구,광안제4동,13,8,5
2650080000,2025-10-31,부산광역시,수영구,민락동,14,8,6
2653058000,2025-10-31,부산광역시,사상구,삼락동,4,3,1
2653059100,2025-10-31,부산광역시,사상구,모라제1동,3,2,1
2653059300,2025-10-31,부산광역시,사상구,모라제3동,0,0,0
2653060000,2025-10-31,부산광역시,사상구,덕포제1동,14,8,6
2653061000,2025-10-31,부산광역시,사상구,덕포제2동,2,0,2
2653062000,2025-10-31,부산광역시,사상구,괘법동,16,8,8
2653064500,2025-10-31,부산광역시,사상구,감전동,2,0,2
2653065000,2025-10-31,부산광역시,사상구,주례제1동,10,4,6
2653066000,2025-10-31,부산광역시,사상구,주례제2동,3,2,1
2653066100,2025-10-31,부산광역시,사상구,주례제3동,2,1,1
2653067000,2025-10-31,부산광역시,사상구,학장동,7,4,3
2653068000,2025-10-31,부산광역시,사상구,엄궁동,7,6,1
2671025000,2025-10-31,부산광역시,기장군,기장읍,25,8,17
2671025300,2025-10-31,부산광역시,기장군,장안읍,4,2,2
2671025600,2025-10-31,부산광역시,기장군,정관읍,39,21,18
2671025900,2025-10-31,부산광역시,기장군,일광읍,17,9,8
2671033000,2025-10-31,부산광역시,기장군,철마면,2,0,2
2711051700,2025-10-31,대구광역시,중구,동인동,8,3,5
2711054500,2025-10-31,대구광역시,중구,삼덕동,1,0,1
2711056500,2025-10-31,대구광역시,중구,성내1동,1,1,0
2711057500,2025-10-31,대구광역시,중구,성내2동,10,3,7
2711058500,2025-10-31,대구광역시,중구,성내3동,19,12,7
2711059500,2025-10-31,대구광역시,중구,대신동,3,3,0
2711064000,2025-10-31,대구광역시,중구,남산1동,2,0,2
2711065000,2025-10-31,대구광역시,중구,남산2동,11,4,7
2711066000,2025-10-31,대구광역시,중구,남산3동,0,0,0
2711067000,2025-10-31,대구광역시,중구,남산4동,13,9,4
2711068000,2025-10-31,대구광역시,중구,대봉1동,4,2,2
2711069000,2025-10-31,대구광역시,중구,대봉2동,2,2,0
2714051000,2025-10-31,대구광역시,동구,신암1동,7,5,2
2714052000,2025-10-31,대구광역시,동구,신암2동,9,2,7
2714053000,2025-10-31,대구광역시,동구,신암3동,14,7,7
2714054000,2025-10-31,대구광역시,동구,신암4동,17,6,11
2714054100,2025-10-31,대구광역시,동구,신암5동,3,3,0
2714055500,2025-10-31,대구광역시,동구,신천1.2동,1,1,0
2714057000,2025-10-31,대구광역시,동구,신천3동,9,5,4
2714058000,2025-10-31,대구광역시,동구,신천4동,7,2,5
2714059000,2025-10-31,대구광역시,동구,효목1동,1,1,0
2714060000,2025-10-31,대구광역시,동구,효목2동,4,2,2
2714061500,2025-10-31,대구광역시,동구,도평동,1,0,1
2714062000,2025-10-31,대구광역시,동구,불로.봉무동,8,5,3
2714064000,2025-10-31,대구광역시,동구,지저동,2,1,1
2714065500,2025-10-31,대구광역시,동구,동촌동,2,0,2
2714067000,2025-10-31,대구광역시,동구,방촌동,2,1,1
2714068500,2025-10-31,대구광역시,동구,해안동,2,1,1
2714072000,2025-10-31,대구광역시,동구,안심1동,13,5,8
2714073000,2025-10-31,대구광역시,동구,안심2동,13,6,7
2714074200,2025-10-31,대구광역시,동구,안심3동,10,3,7
2714074700,2025-10-31,대구광역시,동구,안심4동,10,3,7
2714075500,2025-10-31,대구광역시,동구,혁신동,11,4,7
2714076000,2025-10-31,대구광역시,동구,공산동,10,6,4
2717051000,2025-10-31,대구광역시,서구,내당1동,7,4,3
2717052500,2025-10-31,대구광역시,서구,내당2.3동,1,1,0
2717054000,2025-10-31,대구광역시,서구,내당4동,1,0,1
2717055000,2025-10-31,대구광역시,서구,비산1동,3,2,1
2717056500,2025-10-31,대구광역시,서구,비산2.3동,1,0,1
2717058000,2025-10-31,대구광역시,서구,비산4동,1,1,0
2717059000,2025-10-31,대구광역시,서구,비산5동,0,0,0
2717060000,2025-10-31,대구광역시,서구,비산6동,1,1,0
2717061000,2025-10-31,대구광역시,서구,비산7동,0,0,0
2717062000,2025-10-31,대구광역시,서구,평리1동,0,0,0
2717063000,2025-10-31,대구광역시,서구,평리2동,3,2,1
2717064000,2025-10-31,대구광역시,서구,평리3동,11,10,1
2717065000,2025-10-31,대구광역시,서구,평리4동,4,2,2
2717066000,2025-10-31,대구광역시,서구,평리5동,17,9,8
2717066100,2025-10-31,대구광역시,서구,평리6동,9,5,4
2717067500,2025-10-31,대구광역시,서구,상중이동,5,2,3
2717069500,2025-10-31,대구광역시,서구,원대동,5,4,1
2720051500,2025-10-31,대구광역시,남구,이천동,9,3,6
2720053000,2025-10-31,대구광역시,남구,봉덕1동,2,2,0
2720054000,2025-10-31,대구광역시,남구,봉덕2동,7,3,4
2720055000,2025-10-31,대구광역시,남구,봉덕3동,1,1,0
2720056000,2025-10-31,대구광역시,남구,대명1동,1,1,0
2720057100,2025-10-31,대구광역시,남구,대명2동,3,2,1
2720058600,2025-10-31,대구광역시,남구,대명3동,4,3,1
2720059000,2025-10-31,대구광역시,남구,대명4동,1,0,1
2720060000,2025-10-31,대구광역시,남구,대명5동,6,5,1
2720061000,2025-10-31,대구광역시,남구,대명6동,4,2,2
2720064000,2025-10-31,대구광역시,남구,대명9동,6,4,2
2720065000,2025-10-31,대구광역시,남구,대명10동,3,3,0
2720066000,2025-10-31,대구광역시,남구,대명11동,1,0,1
2723051000,2025-10-31,대구광역시,북구,고성동,28,15,13
2723052600,2025-10-31,대구광역시,북구,칠성동,12,8,4
2723055000,2025-10-31,대구광역시,북구,침산1동,0,0,0
2723056000,2025-10-31,대구광역시,북구,침산2동,10,3,7
2723057000,2025-10-31,대구광역시,북구,침산3동,4,0,4
2723061000,2025-10-31,대구광역시,북구,산격1동,0,0,0
2723062000,2025-10-31,대구광역시,북구,산격2동,2,0,2
2723063000,2025-10-31,대구광역시,북구,산격3동,1,0,1
2723063100,2025-10-31,대구광역시,북구,산격4동,0,0,0
2723064500,2025-10-31,대구광역시,북구,대현동,1,0,1
2723067100,2025-10-31,대구광역시,북구,복현1동,2,0,2
2723067200,2025-10-31,대구광역시,북구,복현2동,20,6,14
2723068000,2025-10-31,대구광역시,북구,검단동,0,0,0
2723069500,2025-10-31,대구광역시,북구,무태조야동,15,11,4
2723071500,2025-10-31,대구광역시,북구,관문동,16,7,9
2723072500,2025-10-31,대구광역시,북구,태전1동,9,5,4
2723073500,2025-10-31,대구광역시,북구,태전2동,5,3,2
2723074500,2025-10-31,대구광역시,북구,구암동,7,3,4
2723075000,2025-10-31,대구광역시,북구,관음동,3,3,0
2723077000,2025-10-31,대구광역시,북구,읍내동,9,4,5
2723078000,2025-10-31,대구광역시,북구,동천동,3,1,2
2723079000,2025-10-31,대구광역시,북구,노원동,3,1,2
2723080000,2025-10-31,대구광역시,북구,국우동,15,8,7
2726051000,2025-10-31,대구광역시,수성구,범어1동,12,8,4
2726052000,2025-10-31,대구광역시,수성구,범어2동,5,3,2
2726053000,2025-10-31,대구광역시,수성구,범어3동,11,7,4
2726054000,2025-10-31,대구광역시,수성구,범어4동,5,2,3
2726055000,2025-10-31,대구광역시,수성구,만촌1동,6,2,4
2726056000,2025-10-31,대구광역시,수성구,만촌2동,1,0,1
2726056100,2025-10-31,대구광역시,수성구,만촌3동,2,0,2
2726057000,2025-10-31,대구광역시,수성구,수성1가동,5,1,4
2726058000,2025-10-31,대구광역시,수성구,수성2.3가동,2,1,1
2726059000,2025-10-31,대구광역시,수성구,수성4가동,2,2,0
2726060100,2025-10-31,대구광역시,수성구,황금1동,7,2,5
2726060200,2025-10-31,대구광역시,수성구,황금2동,5,2,3
2726061000,2025-10-31,대구광역시,수성구,중동,12,2,10
2726062000,2025-10-31,대구광역시,수성구,상동,4,4,0
2726063000,2025-10-31,대구광역시,수성구,파동,11,6,5
2726064000,2025-10-31,대구광역시,수성구,두산동,3,3,0
2726065100,2025-10-31,대구광역시,수성구,지산1동,6,4,2
2726065200,2025-10-31,대구광역시,수성구,지산2동,5,4,1
2726066100,2025-10-31,대구광역시,수성구,범물1동,0,0,0
2726066200,2025-10-31,대구광역시,수성구,범물2동,7,4,3
2726067000,2025-10-31,대구광역시,수성구,고산1동,10,3,7
2726068000,2025-10-31,대구광역시,수성구,고산2동,12,6,6
2726069000,2025-10-31,대구광역시,수성구,고산3동,12,5,7
2729051500,2025-10-31,대구광역시,달서구,성당동,5,3,2
2729053500,2025-10-31,대구광역시,달서구,두류1.2동,12,6,6
2729055000,2025-10-31,대구광역시,달서구,두류3동,5,2,3
2729055500,2025-10-31,대구광역시,달서구,감삼동,24,11,13
2729056300,2025-10-31,대구광역시,달서구,죽전동,13,5,8
2729056800,2025-10-31,대구광역시,달서구,장기동,5,3,2
2729057100,2025-10-31,대구광역시,달서구,용산1동,10,5,5
2729057200,2025-10-31,대구광역시,달서구,용산2동,1,1,0
2729057600,2025-10-31,대구광역시,달서구,이곡1동,4,2,2
2729057700,2025-10-31,대구광역시,달서구,이곡2동,3,2,1
2729058500,2025-10-31,대구광역시,달서구,신당동,6,4,2
2729059000,2025-10-31,대구광역시,달서구,본리동,11,10,1
2729060100,2025-10-31,대구광역시,달서구,월성1동,20,9,11
2729060200,2025-10-31,대구광역시,달서구,월성2동,4,3,1
2729061500,2025-10-31,대구광역시,달서구,진천동,22,12,10
2729061700,2025-10-31,대구광역시,달서구,유천동,27,17,10
2729062400,2025-10-31,대구광역시,달서구,상인1동,25,15,10
2729062500,2025-10-31,대구광역시,달서구,상인2동,8,3,5
2729062600,2025-10-31,대구광역시,달서구,상인3동,0,0,0
2729062800,2025-10-31,대구광역시,달서구,도원동,6,3,3
2729063000,2025-10-31,대구광역시,달서구,송현1동,5,2,3
2729064000,2025-10-31,대구광역시,달서구,송현2동,9,2,7
2729065000,2025-10-31,대구광역시,달서구,본동,3,1,2
2771025000,2025-10-31,대구광역시,달성군,화원읍,21,13,8
2771025300,2025-10-31,대구광역시,달성군,논공읍,0,0,0
2771025400,2025-10-31,대구광역시,달성군,논공읍공단출장소,4,2,2
2771025600,2025-10-31,대구광역시,달성군,다사읍,28,11,17
2771025700,2025-10-31,대구광역시,달성군,다사읍서재출장소,22,13,9
2771025900,2025-10-31,대구광역시,달성군,유가읍,19,12,7
2771026200,2025-10-31,대구광역시,달성군,옥포읍,6,2,4
2771026500,2025-10-31,대구광역시,달성군,현풍읍,10,6,4
2771031000,2025-10-31,대구광역시,달성군,가창면,1,1,0
2771033000,2025-10-31,대구광역시,달성군,하빈면,1,1,0
2771038000,2025-10-31,대구광역시,달성군,구지면,13,8,5
2772025000,2025-10-31,대구광역시,군위군,군위읍,1,0,1
2772031000,2025-10-31,대구광역시,군위군,소보면,0,0,0
2772032000,2025-10-31,대구광역시,군위군,효령면,0,0,0
2772033000,2025-10-31,대구광역시,군위군,부계면,1,1,0
2772034000,2025-10-31,대구광역시,군위군,우보면,0,0,0
2772035000,2025-10-31,대구광역시,군위군,의흥면,0,0,0
2772036000,2025-10-31,대구광역시,군위군,산성면,0,0,0
2772037000,2025-10-31,대구광역시,군위군,삼국유사면,0,0,0
2811052000,2025-10-31,인천광역시,중구,연안동,1,0,1
2811053000,2025-10-31,인천광역시,중구,신포동,1,1,0
2811054000,2025-10-31,인천광역시,중구,신흥동,8,5,3
2811056000,2025-10-31,인천광역시,중구,도원동,1,1,0
2811057000,2025-10-31,인천광역시,중구,율목동,0,0,0
2811058500,2025-10-31,인천광역시,중구,동인천동,4,2,2
2811061500,2025-10-31,인천광역시,중구,개항동,0,0,0
2811062000,2025-10-31,인천광역시,중구,영종동,24,12,12
2811062200,2025-10-31,인천광역시,중구,영종1동,26,17,9
2811062300,2025-10-31,인천광역시,중구,영종2동,17,11,6
2811062800,2025-10-31,인천광역시,중구,운서동,17,10,7
2811063000,2025-10-31,인천광역시,중구,용유동,0,0,0
2814051000,2025-10-31,인천광역시,동구,만석동,4,1,3
2814052500,2025-10-31,인천광역시,동구,화수1.화평동,0,0,0
2814053000,2025-10-31,인천광역시,동구,화수2동,1,0,1
2814055500,2025-10-31,인천광역시,동구,송현1.2동,2,1,1
2814057000,2025-10-31,인천광역시,동구,송현3동,1,0,1
2814058000,2025-10-31,인천광역시,동구,송림1동,8,5,3
2814059000,2025-10-31,인천광역시,동구,송림2동,1,0,1
2814060500,2025-10-31,인천광역시,동구,송림3.5동,2,1,1
2814061000,2025-10-31,인천광역시,동구,송림4동,4,2,2
2814063000,2025-10-31,인천광역시,동구,송림6동,0,0,0
2814064000,2025-10-31,인천광역시,동구,금창동,0,0,0
2817751000,2025-10-31,인천광역시,미추홀구,숭의2동,1,1,0
2817752000,2025-10-31,인천광역시,미추홀구,숭의1.3동,16,9,7
2817753000,2025-10-31,인천광역시,미추홀구,숭의4동,9,5,4
2817754000,2025-10-31,인천광역시,미추홀구,용현1.4동,2,2,0
2817755000,2025-10-31,인천광역시,미추홀구,용현2동,25,15,10
2817756000,2025-10-31,인천광역시,미추홀구,용현3동,2,0,2
2817757000,2025-10-31,인천광역시,미추홀구,용현5동,12,5,7
2817758000,2025-10-31,인천광역시,미추홀구,학익1동,30,16,14
2817759000,2025-10-31,인천광역시,미추홀구,학익2동,5,3,2
2817760000,2025-10-31,인천광역시,미추홀구,도화1동,12,5,7
2817761000,2025-10-31,인천광역시,미추홀구,도화2.3동,22,11,11
2817762000,2025-10-31,인천광역시,미추홀구,주안1동,12,7,5
2817763000,2025-10-31,인천광역시,미추홀구,주안2동,16,6,10
2817764000,2025-10-31,인천광역시,미추홀구,주안3동,9,4,5
2817765000,2025-10-31,인천광역시,미추홀구,주안4동,15,7,8
2817766000,2025-10-31,인천광역시,미추홀구,주안5동,7,3,4
2817767000,2025-10-31,인천광역시,미추홀구,주안6동,6,3,3
2817768000,2025-10-31,인천광역시,미추홀구,주안7동,3,2,1
2817769000,2025-10-31,인천광역시,미추홀구,주안8동,0,0,0
2817770000,2025-10-31,인천광역시,미추홀구,관교동,3,1,2
2817771000,2025-10-31,인천광역시,미추홀구,문학동,2,1,1
2818563000,2025-10-31,인천광역시,연수구,옥련1동,7,3,4
2818564000,2025-10-31,인천광역시,연수구,옥련2동,10,5,5
2818575000,2025-10-31,인천광역시,연수구,선학동,7,3,4
2818576100,2025-10-31,인천광역시,연수구,연수1동,6,4,2
2818576200,2025-10-31,인천광역시,연수구,연수2동,9,5,4
2818576300,2025-10-31,인천광역시,연수구,연수3동,6,4,2
2818576600,2025-10-31,인천광역시,연수구,청학동,5,4,1
2818578000,2025-10-31,인천광역시,연수구,동춘1동,20,8,12
2818579000,2025-10-31,인천광역시,연수구,동춘2동,7,6,1
2818579500,2025-10-31,인천광역시,연수구,동춘3동,4,2,2
2818582000,2025-10-31,인천광역시,연수구,송도1동,12,5,7
2818583000,2025-10-31,인천광역시,연수구,송도2동,12,9,3
2818584000,2025-10-31,인천광역시,연수구,송도3동,33,17,16
2818585000,2025-10-31,인천광역시,연수구,송도4동,45,21,24
2818586000,2025-10-31,인천광역시,연수구,송도5동,50,29,21
2820051000,2025-10-31,인천광역시,남동구,구월1동,11,2,9
2820052000,2025-10-31,인천광역시,남동구,구월2동,28,11,17
2820052100,2025-10-31,인천광역시,남동구,구월3동,6,4,2
2820052200,2025-10-31,인천광역시,남동구,구월4동,3,2,1
2820053000,2025-10-31,인천광역시,남동구,간석1동,13,6,7
2820054000,2025-10-31,인천광역시,남동구,간석2동,6,3,3
2820055000,2025-10-31,인천광역시,남동구,간석3동,7,3,4
2820055100,2025-10-31,인천광역시,남동구,간석4동,11,9,2
2820056000,2025-10-31,인천광역시,남동구,만수1동,6,3,3
2820057000,2025-10-31,인천광역시,남동구,만수2동,1,1,0
2820058000,2025-10-31,인천광역시,남동구,만수3동,7,2,5
2820058100,2025-10-31,인천광역시,남동구,만수4동,9,6,3
2820058200,2025-10-31,인천광역시,남동구,만수5동,2,2,0
2820058300,2025-10-31,인천광역시,남동구,만수6동,1,0,1
2820065000,2025-10-31,인천광역시,남동구,장수서창동,0,0,0
2820065500,2025-10-31,인천광역시,남동구,서창2동,14,7,7
2820066000,2025-10-31,인천광역시,남동구,남촌도림동,2,1,1
2820069000,2025-10-31,인천광역시,남동구,논현1동,14,10,4
2820070000,2025-10-31,인천광역시,남동구,논현2동,8,5,3
2820071000,2025-10-31,인천광역시,남동구,논현고잔동,11,5,6
2823751000,2025-10-31,인천광역시,부평구,부평1동,8,6,2
2823752000,2025-10-31,인천광역시,부평구,부평2동,12,7,5
2823753000,2025-10-31,인천광역시,부평구,부평3동,7,5,2
2823754000,2025-10-31,인천광역시,부평구,부평4동,18,11,7
2823755000,2025-10-31,인천광역시,부평구,부평5동,25,13,12
2823756000,2025-10-31,인천광역시,부평구,부평6동,13,6,7
2823757000,2025-10-31,인천광역시,부평구,산곡1동,10,5,5
2823758000,2025-10-31,인천광역시,부평구,산곡2동,9,4,5
2823758100,2025-10-31,인천광역시,부평구,산곡3동,8,7,1
2823758200,2025-10-31,인천광역시,부평구,산곡4동,9,5,4
2823759100,2025-10-31,인천광역시,부평구,청천1동,31,15,16
2823759200,2025-10-31,인천광역시,부평구,청천2동,24,9,15
2823764100,2025-10-31,인천광역시,부평구,갈산1동,6,2,4
2823764200,2025-10-31,인천광역시,부평구,갈산2동,7,4,3
2823764600,2025-10-31,인천광역시,부평구,삼산1동,18,15,3
2823764800,2025-10-31,인천광역시,부평구,삼산2동,10,7,3
2823765000,2025-10-31,인천광역시,부평구,부개1동,7,4,3
2823766000,2025-10-31,인천광역시,부평구,부개2동,11,6,5
2823766100,2025-10-31,인천광역시,부평구,부개3동,9,5,4
2823767000,2025-10-31,인천광역시,부평구,일신동,4,3,1
2823768000,2025-10-31,인천광역시,부평구,십정1동,33,17,16
2823769000,2025-10-31,인천광역시,부평구,십정2동,2,2,0
2824560100,2025-10-31,인천광역시,계양구,효성1동,11,8,3
2824560200,2025-10-31,인천광역시,계양구,효성2동,10,7,3
2824561100,2025-10-31,인천광역시,계양구,계산1동,4,3,1
2824561200,2025-10-31,인천광역시,계양구,계산2동,3,1,2
2824561300,2025-10-31,인천광역시,계양구,계산3동,5,1,4
2824561400,2025-10-31,인천광역시,계양구,계산4동,3,2,1
2824562100,2025-10-31,인천광역시,계양구,작전1동,6,4,2
2824562200,2025-10-31,인천광역시,계양구,작전2동,13,8,5
2824564000,2025-10-31,인천광역시,계양구,작전서운동,19,6,13
2824571000,2025-10-31,인천광역시,계양구,계양1동,2,2,0
2824572000,2025-10-31,인천광역시,계양구,계양2동,10,7,3
2824573000,2025-10-31,인천광역시,계양구,계양3동,8,5,3
2826051500,2025-10-31,인천광역시,서구,검암경서동,34,17,17
2826053000,2025-10-31,인천광역시,서구,연희동,7,3,4
2826053600,2025-10-31,인천광역시,서구,청라1동,17,8,9
2826053700,2025-10-31,인천광역시,서구,청라2동,25,15,10
2826053900,2025-10-31,인천광역시,서구,청라3동,22,12,10
2826054200,2025-10-31,인천광역시,서구,가정1동,28,12,16
2826054300,2025-10-31,인천광역시,서구,가정2동,14,8,6
2826054400,2025-10-31,인천광역시,서구,가정3동,7,1,6
2826055000,2025-10-31,인천광역시,서구,석남1동,6,3,3
2826056000,2025-10-31,인천광역시,서구,석남2동,3,2,1
2826056100,2025-10-31,인천광역시,서구,석남3동,2,1,1
2826057500,2025-10-31,인천광역시,서구,신현원창동,14,8,6
2826058000,2025-10-31,인천광역시,서구,가좌1동,5,2,3
2826059000,2025-10-31,인천광역시,서구,가좌2동,10,6,4
2826060000,2025-10-31,인천광역시,서구,가좌3동,6,3,3
2826061000,2025-10-31,인천광역시,서구,가좌4동,9,6,3
2826068000,2025-10-31,인천광역시,서구,검단동,6,4,2
2826069000,2025-10-31,인천광역시,서구,불로대곡동,35,16,19
2826070000,2025-10-31,인천광역시,서구,원당동,14,5,9
2826071000,2025-10-31,인천광역시,서구,당하동,45,25,20
2826072000,2025-10-31,인천광역시,서구,오류왕길동,13,5,8
2826073000,2025-10-31,인천광역시,서구,마전동,6,4,2
2826075000,2025-10-31,인천광역시,서구,아라1동,42,25,17
2826076000,2025-10-31,인천광역시,서구,아라2동,55,30,25
2871025000,2025-10-31,인천광역시,강화군,강화읍,12,7,5
2871031000,2025-10-31,인천광역시,강화군,선원면,2,1,1
2871032000,2025-10-31,인천광역시,강화군,불은면,0,0,0
2871033000,2025-10-31,인천광역시,강화군,길상면,0,0,0
2871034000,2025-10-31,인천광역시,강화군,화도면,2,1,1
2871035000,2025-10-31,인천광역시,강화군,양도면,1,0,1
2871036000,2025-10-31,인천광역시,강화군,내가면,1,1,0
2871037000,2025-10-31,인천광역시,강화군,하점면,3,2,1
2871038000,2025-10-31,인천광역시,강화군,양사면,0,0,0
2871039000,2025-10-31,인천광역시,강화군,송해면,1,0,1
2871040000,2025-10-31,인천광역시,강화군,교동면,1,1,0
2871041000,2025-10-31,인천광역시,강화군,삼산면,1,0,1
2871042000,2025-10-31,인천광역시,강화군,서도면,0,0,0
2871042500,2025-10-31,인천광역시,강화군,서도면볼음출장소,0,0,0
2872031000,2025-10-31,인천광역시,옹진군,북도면,0,0,0
2872031500,2025-10-31,인천광역시,옹진군,북도면장봉출장소,0,0,0
2872033000,2025-10-31,인천광역시,옹진군,백령면,0,0,0
2872034000,2025-10-31,인천광역시,옹진군,대청면,0,0,0
2872034500,2025-10-31,인천광역시,옹진군,대청면소청출장소,0,0,0
2872035000,2025-10-31,인천광역시,옹진군,덕적면,0,0,0
2872036000,2025-10-31,인천광역시,옹진군,영흥면,1,0,1
2872037000,2025-10-31,인천광역시,옹진군,자월면,0,0,0
2872037500,2025-10-31,인천광역시,옹진군,자월면이작출장소,0,0,0
2872038000,2025-10-31,인천광역시,옹진군,연평면,1,1,0
2911052500,2025-10-31,광주광역시,동구,충장동,2,1,1
2911054500,2025-10-31,광주광역시,동구,동명동,0,0,0
2911056000,2025-10-31,광주광역시,동구,계림1동,7,5,2
2911057000,2025-10-31,광주광역시,동구,계림2동,13,7,6
2911059000,2025-10-31,광주광역시,동구,산수1동,3,2,1
2911060000,2025-10-31,광주광역시,동구,산수2동,3,2,1
2911062000,2025-10-31,광주광역시,동구,지산1동,0,0,0
2911063000,2025-10-31,광주광역시,동구,지산2동,0,0,0
2911065500,2025-10-31,광주광역시,동구,서남동,0,0,0
2911068500,2025-10-31,광주광역시,동구,학동,6,4,2
2911071000,2025-10-31,광주광역시,동구,학운동,0,0,0
2911073000,2025-10-31,광주광역시,동구,지원1동,4,4,0
2911074000,2025-10-31,광주광역시,동구,지원2동,13,9,4
2914057500,2025-10-31,광주광역시,서구,양동,0,0,0
2914059000,2025-10-31,광주광역시,서구,양3동,4,2,2
2914065000,2025-10-31,광주광역시,서구,농성1동,9,1,8
2914066000,2025-10-31,광주광역시,서구,농성2동,1,1,0
2914073000,2025-10-31,광주광역시,서구,광천동,2,1,1
2914074000,2025-10-31,광주광역시,서구,유덕동,6,4,2
2914074500,2025-10-31,광주광역시,서구,치평동,12,4,8
2914075100,2025-10-31,광주광역시,서구,상무1동,8,5,3
2914075200,2025-10-31,광주광역시,서구,상무2동,5,1,4
2914076000,2025-10-31,광주광역시,서구,화정1동,5,3,2
2914077000,2025-10-31,광주광역시,서구,화정2동,6,3,3
2914078000,2025-10-31,광주광역시,서구,화정3동,2,0,2
2914079000,2025-10-31,광주광역시,서구,화정4동,8,3,5
2914080000,2025-10-31,광주광역시,서구,서창동,1,1,0
2914082100,2025-10-31,광주광역시,서구,금호1동,4,4,0
2914082400,2025-10-31,광주광역시,서구,금호2동,6,3,3
2914083000,2025-10-31,광주광역시,서구,풍암동,11,4,7
2914084000,2025-10-31,광주광역시,서구,동천동,2,0,2
2915551000,2025-10-31,광주광역시,남구,양림동,3,0,3
2915552000,2025-10-31,광주광역시,남구,방림1동,2,0,2
2915553000,2025-10-31,광주광역시,남구,방림2동,1,1,0
2915553700,2025-10-31,광주광역시,남구,봉선1동,3,2,1
2915553800,2025-10-31,광주광역시,남구,봉선2동,6,3,3
2915554500,2025-10-31,광주광역시,남구,사직동,3,1,2
2915560500,2025-10-31,광주광역시,남구,월산동,4,1,3
2915563000,2025-10-31,광주광역시,남구,월산4동,1,0,1
2915564000,2025-10-31,광주광역시,남구,월산5동,1,0,1
2915567000,2025-10-31,광주광역시,남구,백운1동,1,1,0
2915568000,2025-10-31,광주광역시,남구,백운2동,7,4,3
2915569000,2025-10-31,광주광역시,남구,주월1동,6,4,2
2915570000,2025-10-31,광주광역시,남구,주월2동,1,0,1
2915570500,2025-10-31,광주광역시,남구,진월동,3,2,1
2915571000,2025-10-31,광주광역시,남구,효덕동,5,3,2
2915572000,2025-10-31,광주광역시,남구,송암동,16,8,8
2915573000,2025-10-31,광주광역시,남구,대촌동,4,3,1
2917051000,2025-10-31,광주광역시,북구,중흥1동,1,1,0
2917053500,2025-10-31,광주광역시,북구,중흥동,5,4,1
2917055500,2025-10-31,광주광역시,북구,중앙동,1,1,0
2917057000,2025-10-31,광주광역시,북구,임동,17,9,8
2917058000,2025-10-31,광주광역시,북구,신안동,8,3,5
2917059000,2025-10-31,광주광역시,북구,용봉동,7,4,3
2917060100,2025-10-31,광주광역시,북구,운암1동,6,4,2
2917060200,2025-10-31,광주광역시,북구,운암2동,0,0,0
2917060300,2025-10-31,광주광역시,북구,운암3동,8,4,4
2917061500,2025-10-31,광주광역시,북구,동림동,12,4,8
2917062000,2025-10-31,광주광역시,북구,우산동,6,3,3
2917063500,2025-10-31,광주광역시,북구,풍향동,3,2,1
2917065000,2025-10-31,광주광역시,북구,문화동,18,7,11
2917065600,2025-10-31,광주광역시,북구,문흥1동,2,0,2
2917065700,2025-10-31,광주광역시,북구,문흥2동,5,2,3
2917066100,2025-10-31,광주광역시,북구,두암1동,0,0,0
2917066200,2025-10-31,광주광역시,북구,두암2동,0,0,0
2917066300,2025-10-31,광주광역시,북구,두암3동,1,0,1
2917066600,2025-10-31,광주광역시,북구,삼각동,5,2,3
2917066900,2025-10-31,광주광역시,북구,일곡동,7,4,3
2917067300,2025-10-31,광주광역시,북구,매곡동,3,1,2
2917067600,2025-10-31,광주광역시,북구,오치1동,0,0,0
2917067700,2025-10-31,광주광역시,북구,오치2동,3,2,1
2917068500,2025-10-31,광주광역시,북구,석곡동,0,0,0
2917069500,2025-10-31,광주광역시,북구,건국동,21,15,6
2917069600,2025-10-31,광주광역시,북구,양산동,15,5,10
2917069700,2025-10-31,광주광역시,북구,신용동,19,11,8
2920051500,2025-10-31,광주광역시,광산구,송정1동,1,0,1
2920052500,2025-10-31,광주광역시,광산구,송정2동,3,1,2
2920054000,2025-10-31,광주광역시,광산구,도산동,5,3,2
2920055000,2025-10-31,광주광역시,광산구,신흥동,1,1,0
2920056500,2025-10-31,광주광역시,광산구,어룡동,29,15,14
2920058000,2025-10-31,광주광역시,광산구,우산동,27,15,12
2920060000,2025-10-31,광주광역시,광산구,월곡1동,3,0,3
2920061000,2025-10-31,광주광역시,광산구,월곡2동,7,5,2
2920062000,2025-10-31,광주광역시,광산구,비아동,0,0,0
2920062400,2025-10-31,광주광역시,광산구,첨단1동,16,5,11
2920062600,2025-10-31,광주광역시,광산구,첨단2동,21,10,11
2920063000,2025-10-31,광주광역시,광산구,신가동,2,1,1
2920063500,2025-10-31,광주광역시,광산구,운남동,13,6,7
2920063700,2025-10-31,광주광역시,광산구,수완동,22,12,10
2920064000,2025-10-31,광주광역시,광산구,하남동,18,8,10
2920065000,2025-10-31,광주광역시,광산구,임곡동,0,0,0
2920066000,2025-10-31,광주광역시,광산구,동곡동,0,0,0
2920067000,2025-10-31,광주광역시,광산구,평동,2,1,1
2920068000,2025-10-31,광주광역시,광산구,삼도동,0,0,0
2920069000,2025-10-31,광주광역시,광산구,본량동,0,0,0
2920070000,2025-10-31,광주광역시,광산구,신창동,17,8,9
3011051500,2025-10-31,대전광역시,동구,중앙동,0,0,0
3011053000,2025-10-31,대전광역시,동구,효동,16,6,10
3011054500,2025-10-31,대전광역시,동구,신인동,9,6,3
3011055100,2025-10-31,대전광역시,동구,판암1동,4,4,0
3011055200,2025-10-31,대전광역시,동구,판암2동,0,0,0
3011056000,2025-10-31,대전광역시,동구,용운동,8,6,2
3011058500,2025-10-31,대전광역시,동구,대동,8,4,4
3011059000,2025-10-31,대전광역시,동구,자양동,2,0,2
3011062000,2025-10-31,대전광역시,동구,가양1동,3,2,1
3011063000,2025-10-31,대전광역시,동구,가양2동,4,1,3
3011064000,2025-10-31,대전광역시,동구,용전동,10,5,5
3011066500,2025-10-31,대전광역시,동구,성남동,3,1,2
3011067000,2025-10-31,대전광역시,동구,홍도동,3,3,0
3011069500,2025-10-31,대전광역시,동구,삼성동,2,0,2
3011072500,2025-10-31,대전광역시,동구,대청동,0,0,0
3011074000,2025-10-31,대전광역시,동구,산내동,6,0,6
3014053500,2025-10-31,대전광역시,중구,은행선화동,19,8,11
3014055000,2025-10-31,대전광역시,중구,목동,11,7,4
3014056000,2025-10-31,대전광역시,중구,중촌동,13,11,2
3014057500,2025-10-31,대전광역시,중구,대흥동,2,2,0
3014060500,2025-10-31,대전광역시,중구,문창동,0,0,0
3014062000,2025-10-31,대전광역시,중구,석교동,2,0,2
3014063000,2025-10-31,대전광역시,중구,대사동,2,0,2
3014064000,2025-10-31,대전광역시,중구,부사동,0,0,0
3014065500,2025-10-31,대전광역시,중구,용두동,7,3,4
3014067000,2025-10-31,대전광역시,중구,오류동,5,2,3
3014068000,2025-10-31,대전광역시,중구,태평1동,1,0,1
3014069000,2025-10-31,대전광역시,중구,태평2동,4,0,4
3014070000,2025-10-31,대전광역시,중구,유천1동,0,0,0
3014071000,2025-10-31,대전광역시,중구,유천2동,2,0,2
3014072000,2025-10-31,대전광역시,중구,문화1동,9,3,6
3014073000,2025-10-31,대전광역시,중구,문화2동,3,2,1
3014074000,2025-10-31,대전광역시,중구,산성동,6,2,4
3017051000,2025-10-31,대전광역시,서구,복수동,8,5,3
3017052000,2025-10-31,대전광역시,서구,도마1동,9,5,4
3017053000,2025-10-31,대전광역시,서구,도마2동,10,6,4
3017053500,2025-10-31,대전광역시,서구,정림동,4,2,2
3017054000,2025-10-31,대전광역시,서구,변동,6,2,4
3017055000,2025-10-31,대전광역시,서구,용문동,12,9,3
3017055500,2025-10-31,대전광역시,서구,탄방동,13,4,9
3017056000,2025-10-31,대전광역시,서구,괴정동,9,6,3
3017057000,2025-10-31,대전광역시,서구,가장동,1,1,0
3017057500,2025-10-31,대전광역시,서구,내동,6,2,4
3017058100,2025-10-31,대전광역시,서구,갈마1동,4,2,2
3017058200,2025-10-31,대전광역시,서구,갈마2동,13,6,7
3017058600,2025-10-31,대전광역시,서구,월평1동,3,2,1
3017058700,2025-10-31,대전광역시,서구,월평2동,7,4,3
3017058800,2025-10-31,대전광역시,서구,월평3동,6,1,5
3017059000,2025-10-31,대전광역시,서구,가수원동,2,1,1
3017059300,2025-10-31,대전광역시,서구,도안동,40,25,15
3017059600,2025-10-31,대전광역시,서구,관저1동,4,2,2
3017059700,2025-10-31,대전광역시,서구,관저2동,33,19,14
3017060000,2025-10-31,대전광역시,서구,기성동,0,0,0
3017063000,2025-10-31,대전광역시,서구,둔산1동,8,2,6
3017064000,2025-10-31,대전광역시,서구,둔산2동,25,10,15
3017065000,2025-10-31,대전광역시,서구,만년동,6,3,3
3017066000,2025-10-31,대전광역시,서구,둔산3동,4,2,2
3020052000,2025-10-31,대전광역시,유성구,진잠동,23,9,14
3020052600,2025-10-31,대전광역시,유성구,학하동,15,10,5
3020052700,2025-10-31,대전광역시,유성구,상대동,17,5,12
3020053000,2025-10-31,대전광역시,유성구,온천1동,10,8,2
3020054000,2025-10-31,대전광역시,유성구,온천2동,18,7,11
3020054600,2025-10-31,대전광역시,유성구,노은1동,17,9,8
3020054700,2025-10-31,대전광역시,유성구,노은2동,11,4,7
3020054800,2025-10-31,대전광역시,유성구,노은3동,18,13,5
3020055000,2025-10-31,대전광역시,유성구,신성동,9,5,4
3020057000,2025-10-31,대전광역시,유성구,전민동,11,8,3
3020058000,2025-10-31,대전광역시,유성구,구즉동,29,15,14
3020060000,2025-10-31,대전광역시,유성구,관평동,26,16,10
3020061000,2025-10-31,대전광역시,유성구,원신흥동,29,14,15
3023051000,2025-10-31,대전광역시,대덕구,오정동,1,0,1
3023052000,2025-10-31,대전광역시,대덕구,대화동,0,0,0
3023052500,2025-10-31,대전광역시,대덕구,회덕동,7,4,3
3023053300,2025-10-31,대전광역시,대덕구,비래동,3,1,2
3023054300,2025-10-31,대전광역시,대덕구,송촌동,12,9,3
3023054600,2025-10-31,대전광역시,대덕구,중리동,2,1,1
3023055000,2025-10-31,대전광역시,대덕구,신탄진동,11,7,4
3023056000,2025-10-31,대전광역시,대덕구,석봉동,9,6,3
3023057000,2025-10-31,대전광역시,대덕구,덕암동,5,2,3
3023058000,2025-10-31,대전광역시,대덕구,목상동,1,0,1
3023060000,2025-10-31,대전광역시,대덕구,법1동,10,6,4
3023061000,2025-10-31,대전광역시,대덕구,법2동,1,1,0
3111051000,2025-10-31,울산광역시,중구,학성동,3,1,2
3111052000,2025-10-31,울산광역시,중구,반구1동,7,3,4
3111053000,2025-10-31,울산광역시,중구,반구2동,0,0,0
3111055500,2025-10-31,울산광역시,중구,복산동,18,8,10
3111058500,2025-10-31,울산광역시,중구,중앙동,4,3,1
3111059000,2025-10-31,울산광역시,중구,우정동,8,3,5
3111060000,2025-10-31,울산광역시,중구,태화동,15,8,7
3111061000,2025-10-31,울산광역시,중구,다운동,2,1,1
3111062000,2025-10-31,울산광역시,중구,병영1동,4,2,2
3111063000,2025-10-31,울산광역시,중구,병영2동,5,3,2
3111064000,2025-10-31,울산광역시,중구,약사동,8,4,4
3111065000,2025-10-31,울산광역시,중구,성안동,3,1,2
3114051000,2025-10-31,울산광역시,남구,신정1동,4,3,1
3114052000,2025-10-31,울산광역시,남구,신정2동,8,4,4
3114053000,2025-10-31,울산광역시,남구,신정3동,6,5,1
3114054000,2025-10-31,울산광역시,남구,신정4동,8,4,4
3114055000,2025-10-31,울산광역시,남구,신정5동,5,3,2
3114056000,2025-10-31,울산광역시,남구,달동,8,6,2
3114057000,2025-10-31,울산광역시,남구,삼산동,13,6,7
3114058500,2025-10-31,울산광역시,남구,삼호동,14,9,5
3114059500,2025-10-31,울산광역시,남구,무거동,11,5,6
3114060000,2025-10-31,울산광역시,남구,옥동,7,2,5
3114062500,2025-10-31,울산광역시,남구,대현동,32,14,18
3114063500,2025-10-31,울산광역시,남구,수암동,12,7,5
3114064000,2025-10-31,울산광역시,남구,선암동,9,5,4
3114067000,2025-10-31,울산광역시,남구,야음장생포동,6,3,3
3117051000,2025-10-31,울산광역시,동구,방어동,13,7,6
3117052000,2025-10-31,울산광역시,동구,일산동,1,1,0
3117053000,2025-10-31,울산광역시,동구,화정동,4,2,2
3117054000,2025-10-31,울산광역시,동구,대송동,2,1,1
3117055000,2025-10-31,울산광역시,동구,전하1동,10,7,3
3117056000,2025-10-31,울산광역시,동구,전하2동,5,1,4
3117058000,2025-10-31,울산광역시,동구,남목1동,1,1,0
3117059000,2025-10-31,울산광역시,동구,남목2동,16,6,10
3117060000,2025-10-31,울산광역시,동구,남목3동,6,5,1
3120051000,2025-10-31,울산광역시,북구,농소1동,12,5,7
3120052000,2025-10-31,울산광역시,북구,농소2동,26,11,15
3120053000,2025-10-31,울산광역시,북구,농소3동,8,2,6
3120054000,2025-10-31,울산광역시,북구,강동동,8,2,6
3120056000,2025-10-31,울산광역시,북구,효문동,16,7,9
3120057000,2025-10-31,울산광역시,북구,송정동,19,4,15
3120058000,2025-10-31,울산광역시,북구,양정동,11,7,4
3120059000,2025-10-31,울산광역시,북구,염포동,6,4,2
3171025000,2025-10-31,울산광역시,울주군,온산읍,9,3,6
3171025300,2025-10-31,울산광역시,울주군,언양읍,26,13,13
3171025600,2025-10-31,울산광역시,울주군,온양읍,9,5,4
3171025900,2025-10-31,울산광역시,울주군,범서읍,32,16,16
3171026200,2025-10-31,울산광역시,울주군,청량읍,17,11,6
3171026500,2025-10-31,울산광역시,울주군,삼남읍,11,6,5
3171031000,2025-10-31,울산광역시,울주군,서생면,5,3,2
3171034000,2025-10-31,울산광역시,울주군,웅촌면,0,0,0
3171036000,2025-10-31,울산광역시,울주군,두동면,0,0,0
3171037000,2025-10-31,울산광역시,울주군,두서면,0,0,0
3171038000,2025-10-31,울산광역시,울주군,상북면,0,0,0
3171040000,2025-10-31,울산광역시,울주군,삼동면,0,0,0
3611025000,2025-10-31,세종특별자치시, ,조치원읍,20,5,15
3611031000,2025-10-31,세종특별자치시, ,연기면,1,1,0
3611032000,2025-10-31,세종특별자치시, ,연동면,0,0,0
3611033000,2025-10-31,세종특별자치시, ,부강면,1,1,0
3611034000,2025-10-31,세종특별자치시, ,금남면,1,1,0
3611035000,2025-10-31,세종특별자치시, ,장군면,0,0,0
3611036000,2025-10-31,세종특별자치시, ,연서면,1,0,1
3611037000,2025-10-31,세종특별자치시, ,전의면,1,0,1
3611038000,2025-10-31,세종특별자치시, ,전동면,0,0,0
3611039000,2025-10-31,세종특별자치시, ,소정면,0,0,0
3611051000,2025-10-31,세종특별자치시, ,한솔동,9,3,6
3611051500,2025-10-31,세종특별자치시,,새롬동,17,12,5
3611051800,2025-10-31,세종특별자치시, ,나성동,9,5,4
3611052000,2025-10-31,세종특별자치시, ,도담동,13,6,7
3611052300,2025-10-31,세종특별자치시, ,어진동,6,2,4
3611052500,2025-10-31,세종특별자치시, ,해밀동,39,20,19
3611053000,2025-10-31,세종특별자치시, ,아름동,16,10,6
3611054000,2025-10-31,세종특별자치시, ,종촌동,24,14,10
3611055000,2025-10-31,세종특별자치시, ,고운동,23,14,9
3611055500,2025-10-31,세종특별자치시,,소담동,19,11,8
3611055600,2025-10-31,세종특별자치시,,반곡동,38,23,15
3611056000,2025-10-31,세종특별자치시, ,보람동,14,6,8
3611057000,2025-10-31,세종특별자치시,,대평동,10,3,7
3611058000,2025-10-31,세종특별자치시,,다정동,31,17,14
4111156000,2025-10-31,경기도,수원시 장안구,파장동,14,8,6
4111156600,2025-10-31,경기도,수원시 장안구,율천동,15,11,4
4111157100,2025-10-31,경기도,수원시 장안구,정자1동,16,9,7
4111157200,2025-10-31,경기도,수원시 장안구,정자2동,16,9,7
4111157300,2025-10-31,경기도,수원시 장안구,정자3동,14,8,6
4111158000,2025-10-31,경기도,수원시 장안구,영화동,3,2,1
4111159100,2025-10-31,경기도,수원시 장안구,송죽동,6,1,5
4111159700,2025-10-31,경기도,수원시 장안구,조원1동,7,3,4
4111159800,2025-10-31,경기도,수원시 장안구,조원2동,10,5,5
4111160000,2025-10-31,경기도,수원시 장안구,연무동,2,1,1
4111352000,2025-10-31,경기도,수원시 권선구,세류1동,3,1,2
4111353000,2025-10-31,경기도,수원시 권선구,세류2동,8,3,5
4111354000,2025-10-31,경기도,수원시 권선구,세류3동,4,1,3
4111355000,2025-10-31,경기도,수원시 권선구,평동,29,17,12
4111356000,2025-10-31,경기도,수원시 권선구,서둔동,14,5,9
4111365000,2025-10-31,경기도,수원시 권선구,구운동,9,6,3
4111366200,2025-10-31,경기도,수원시 권선구,금곡동,20,10,10
4111366400,2025-10-31,경기도,수원시 권선구,호매실동,41,21,20
4111367000,2025-10-31,경기도,수원시 권선구,권선1동,11,2,9
4111368000,2025-10-31,경기도,수원시 권선구,권선2동,24,11,13
4111369000,2025-10-31,경기도,수원시 권선구,곡선동,19,10,9
4111370000,2025-10-31,경기도,수원시 권선구,입북동,30,19,11
4111565000,2025-10-31,경기도,수원시 팔달구,매교동,31,18,13
4111566000,2025-10-31,경기도,수원시 팔달구,매산동,6,2,4
4111567000,2025-10-31,경기도,수원시 팔달구,고등동,20,10,10
4111568000,2025-10-31,경기도,수원시 팔달구,화서1동,6,4,2
4111569000,2025-10-31,경기도,수원시 팔달구,화서2동,7,3,4
4111570000,2025-10-31,경기도,수원시 팔달구,지동,1,1,0
4111571000,2025-10-31,경기도,수원시 팔달구,우만1동,5,4,1
4111572000,2025-10-31,경기도,수원시 팔달구,우만2동,10,7,3
4111573000,2025-10-31,경기도,수원시 팔달구,인계동,22,8,14
4111574000,2025-10-31,경기도,수원시 팔달구,행궁동,0,0,0
4111751000,2025-10-31,경기도,수원시 영통구,매탄1동,5,4,1
4111752000,2025-10-31,경기도,수원시 영통구,매탄2동,2,1,1
4111753000,2025-10-31,경기도,수원시 영통구,매탄3동,8,3,5
4111754000,2025-10-31,경기도,수원시 영통구,매탄4동,6,4,2
4111755000,2025-10-31,경기도,수원시 영통구,원천동,26,11,15
4111757000,2025-10-31,경기도,수원시 영통구,영통1동,30,12,18
4111758000,2025-10-31,경기도,수원시 영통구,영통2동,33,15,18
4111758500,2025-10-31,경기도,수원시 영통구,영통3동,18,9,9
4111759300,2025-10-31,경기도,수원시 영통구,망포1동,15,11,4
4111759600,2025-10-31,경기도,수원시 영통구,망포2동,33,18,15
4111760000,2025-10-31,경기도,수원시 영통구,광교1동,28,7,21
4111761000,2025-10-31,경기도,수원시 영통구,광교2동,23,10,13
4113151000,2025-10-31,경기도,성남시 수정구,신흥1동,4,3,1
4113152000,2025-10-31,경기도,성남시 수정구,신흥2동,36,20,16
4113153000,2025-10-31,경기도,성남시 수정구,신흥3동,4,2,2
4113154000,2025-10-31,경기도,성남시 수정구,태평1동,0,0,0
4113155000,2025-10-31,경기도,성남시 수정구,태평2동,6,3,3
4113156000,2025-10-31,경기도,성남시 수정구,태평3동,5,3,2
4113156100,2025-10-31,경기도,성남시 수정구,태평4동,2,1,1
4113157000,2025-10-31,경기도,성남시 수정구,수진1동,1,1,0
4113158000,2025-10-31,경기도,성남시 수정구,수진2동,5,2,3
4113159000,2025-10-31,경기도,성남시 수정구,단대동,4,2,2
4113160000,2025-10-31,경기도,성남시 수정구,산성동,2,2,0
4113161000,2025-10-31,경기도,성남시 수정구,양지동,1,1,0
4113162000,2025-10-31,경기도,성남시 수정구,복정동,6,2,4
4113162500,2025-10-31,경기도,성남시 수정구,위례동,41,17,24
4113163000,2025-10-31,경기도,성남시 수정구,신촌동,5,1,4
4113164000,2025-10-31,경기도,성남시 수정구,고등동,7,4,3
4113165000,2025-10-31,경기도,성남시 수정구,시흥동,1,0,1
4113351000,2025-10-31,경기도,성남시 중원구,성남동,14,10,4
4113352500,2025-10-31,경기도,성남시 중원구,중앙동,21,13,8
4113353000,2025-10-31,경기도,성남시 중원구,금광1동,29,20,9
4113354000,2025-10-31,경기도,성남시 중원구,금광2동,5,3,2
4113355000,2025-10-31,경기도,성남시 중원구,은행1동,7,1,6
4113356000,2025-10-31,경기도,성남시 중원구,은행2동,6,1,5
4113357000,2025-10-31,경기도,성남시 중원구,상대원1동,7,5,2
4113358000,2025-10-31,경기도,성남시 중원구,상대원2동,0,0,0
4113359000,2025-10-31,경기도,성남시 중원구,상대원3동,3,2,1
4113366000,2025-10-31,경기도,성남시 중원구,하대원동,10,6,4
4113367000,2025-10-31,경기도,성남시 중원구,도촌동,16,8,8
4113551000,2025-10-31,경기도,성남시 분당구,분당동,11,9,2
4113552000,2025-10-31,경기도,성남시 분당구,수내1동,6,3,3
4113553000,2025-10-31,경기도,성남시 분당구,수내2동,0,0,0
4113554000,2025-10-31,경기도,성남시 분당구,수내3동,1,1,0
4113554500,2025-10-31,경기도,성남시 분당구,정자동,7,3,4
4113555000,2025-10-31,경기도,성남시 분당구,정자1동,6,4,2
4113556000,2025-10-31,경기도,성남시 분당구,정자2동,8,5,3
4113557000,2025-10-31,경기도,성남시 분당구,정자3동,10,8,2
4113558000,2025-10-31,경기도,성남시 분당구,서현1동,13,5,8
4113559000,2025-10-31,경기도,성남시 분당구,서현2동,7,5,2
4113560000,2025-10-31,경기도,성남시 분당구,이매1동,10,3,7
4113561000,2025-10-31,경기도,성남시 분당구,이매2동,2,0,2
4113562000,2025-10-31,경기도,성남시 분당구,야탑1동,10,8,2
4113563000,2025-10-31,경기도,성남시 분당구,야탑2동,4,1,3
4113564000,2025-10-31,경기도,성남시 분당구,야탑3동,21,8,13
4113565000,2025-10-31,경기도,성남시 분당구,판교동,10,6,4
4113565500,2025-10-31,경기도,성남시 분당구,삼평동,13,5,8
4113565700,2025-10-31,경기도,성남시 분당구,백현동,18,8,10
4113566200,2025-10-31,경기도,성남시 분당구,금곡동,19,12,7
4113566500,2025-10-31,경기도,성남시 분당구,구미1동,16,11,5
4113567000,2025-10-31,경기도,성남시 분당구,구미동,9,4,5
4113568000,2025-10-31,경기도,성남시 분당구,운중동,35,20,15
4115051000,2025-10-31,경기도,의정부시,의정부1동,32,16,16
4115052000,2025-10-31,경기도,의정부시,의정부2동,7,3,4
4115054500,2025-10-31,경기도,의정부시,호원1동,8,4,4
4115055500,2025-10-31,경기도,의정부시,호원2동,13,5,8
4115056100,2025-10-31,경기도,의정부시,장암동,4,1,3
4115056700,2025-10-31,경기도,의정부시,신곡1동,22,9,13
4115056800,2025-10-31,경기도,의정부시,신곡2동,9,7,2
4115057300,2025-10-31,경기도,의정부시,송산1동,10,5,5
4115057600,2025-10-31,경기도,의정부시,송산2동,10,5,5
4115057800,2025-10-31,경기도,의정부시,송산3동,24,12,12
4115058000,2025-10-31,경기도,의정부시,자금동,5,4,1
4115059500,2025-10-31,경기도,의정부시,가능동,8,5,3
4115061500,2025-10-31,경기도,의정부시,흥선동,4,1,3
4115062000,2025-10-31,경기도,의정부시,녹양동,3,3,0
4115063000,2025-10-31,경기도,의정부시,고산동,29,15,14
4117151000,2025-10-31,경기도,안양시 만안구,안양1동,19,8,11
4117152000,2025-10-31,경기도,안양시 만안구,안양2동,14,8,6
4117153000,2025-10-31,경기도,안양시 만안구,안양3동,2,0,2
4117154000,2025-10-31,경기도,안양시 만안구,안양4동,1,0,1
4117155000,2025-10-31,경기도,안양시 만안구,안양5동,9,4,5
4117156000,2025-10-31,경기도,안양시 만안구,안양6동,22,12,10
4117157000,2025-10-31,경기도,안양시 만안구,안양7동,8,7,1
4117158000,2025-10-31,경기도,안양시 만안구,안양8동,1,1,0
4117158100,2025-10-31,경기도,안양시 만안구,안양9동,5,3,2
4117159000,2025-10-31,경기도,안양시 만안구,석수1동,12,4,8
4117160000,2025-10-31,경기도,안양시 만안구,석수2동,17,12,5
4117161100,2025-10-31,경기도,안양시 만안구,충훈동,7,4,3
4117164000,2025-10-31,경기도,안양시 만안구,박달동,1,1,0
4117165000,2025-10-31,경기도,안양시 만안구,호현동,14,6,8
4117351000,2025-10-31,경기도,안양시 동안구,비산1동,19,11,8
4117352000,2025-10-31,경기도,안양시 동안구,비산2동,8,7,1
4117353000,2025-10-31,경기도,안양시 동안구,비산3동,15,9,6
4117354000,2025-10-31,경기도,안양시 동안구,부흥동,11,5,6
4117354600,2025-10-31,경기도,안양시 동안구,달안동,8,4,4
4117355200,2025-10-31,경기도,안양시 동안구,관양동,9,4,5
4117355900,2025-10-31,경기도,안양시 동안구,인덕원동,8,4,4
4117356600,2025-10-31,경기도,안양시 동안구,부림동,31,13,18
4117357000,2025-10-31,경기도,안양시 동안구,평촌동,7,3,4
4117357600,2025-10-31,경기도,안양시 동안구,평안동,17,13,4
4117357800,2025-10-31,경기도,안양시 동안구,귀인동,3,2,1
4117358000,2025-10-31,경기도,안양시 동안구,호계1동,30,15,15
4117359000,2025-10-31,경기도,안양시 동안구,호계2동,12,6,6
4117360000,2025-10-31,경기도,안양시 동안구,호계3동,15,10,5
4117361000,2025-10-31,경기도,안양시 동안구,범계동,5,2,3
4117362000,2025-10-31,경기도,안양시 동안구,신촌동,4,3,1
4117363000,2025-10-31,경기도,안양시 동안구,갈산동,1,1,0
4119251000,2025-10-31,경기도,부천시 원미구,심곡1동,2,0,2
4119252000,2025-10-31,경기도,부천시 원미구,심곡2동,11,5,6
4119253000,2025-10-31,경기도,부천시 원미구,심곡3동,3,3,0
4119254000,2025-10-31,경기도,부천시 원미구,원미1동,4,1,3
4119255000,2025-10-31,경기도,부천시 원미구,원미2동,0,0,0
4119256000,2025-10-31,경기도,부천시 원미구,소사동,0,0,0
4119257000,2025-10-31,경기도,부천시 원미구,역곡1동,5,0,5
4119258000,2025-10-31,경기도,부천시 원미구,역곡2동,5,2,3
4119259000,2025-10-31,경기도,부천시 원미구,춘의동,4,2,2
4119260000,2025-10-31,경기도,부천시 원미구,도당동,6,5,1
4119261000,2025-10-31,경기도,부천시 원미구,약대동,6,3,3
4119262000,2025-10-31,경기도,부천시 원미구,중동,9,6,3
4119263000,2025-10-31,경기도,부천시 원미구,중1동,14,7,7
4119264000,2025-10-31,경기도,부천시 원미구,중2동,7,1,6
4119265000,2025-10-31,경기도,부천시 원미구,중3동,14,6,8
4119266000,2025-10-31,경기도,부천시 원미구,중4동,10,7,3
4119267000,2025-10-31,경기도,부천시 원미구,상동,2,1,1
4119268000,2025-10-31,경기도,부천시 원미구,상1동,14,4,10
4119269000,2025-10-31,경기도,부천시 원미구,상2동,17,7,10
4119270000,2025-10-31,경기도,부천시 원미구,상3동,4,2,2
4119451000,2025-10-31,경기도,부천시 소사구,심곡본1동,4,1,3
4119452000,2025-10-31,경기도,부천시 소사구,심곡본동,3,3,0
4119453000,2025-10-31,경기도,부천시 소사구,소사본동,14,4,10
4119454000,2025-10-31,경기도,부천시 소사구,소사본1동,13,8,5
4119455000,2025-10-31,경기도,부천시 소사구,범박동,25,12,13
4119456000,2025-10-31,경기도,부천시 소사구,옥길동,15,12,3
4119457000,2025-10-31,경기도,부천시 소사구,괴안동,10,6,4
4119458000,2025-10-31,경기도,부천시 소사구,역곡3동,17,11,6
4119459000,2025-10-31,경기도,부천시 소사구,송내1동,7,3,4
4119460000,2025-10-31,경기도,부천시 소사구,송내2동,7,3,4
4119651000,2025-10-31,경기도,부천시 오정구,성곡동,14,7,7
4119652000,2025-10-31,경기도,부천시 오정구,원종1동,10,7,3
4119653000,2025-10-31,경기도,부천시 오정구,원종2동,2,1,1
4119654000,2025-10-31,경기도,부천시 오정구,고강본동,5,2,3
4119655000,2025-10-31,경기도,부천시 오정구,고강1동,2,2,0
4119656000,2025-10-31,경기도,부천시 오정구,오정동,6,3,3
4119657000,2025-10-31,경기도,부천시 오정구,신흥동,4,2,2
4121051000,2025-10-31,경기도,광명시,광명1동,13,7,6
4121052000,2025-10-31,경기도,광명시,광명2동,1,1,0
4121054000,2025-10-31,경기도,광명시,광명3동,1,0,1
4121055000,2025-10-31,경기도,광명시,광명4동,1,1,0
4121056000,2025-10-31,경기도,광명시,광명5동,5,0,5
4121057000,2025-10-31,경기도,광명시,광명6동,2,1,1
4121058000,2025-10-31,경기도,광명시,광명7동,18,8,10
4121059000,2025-10-31,경기도,광명시,철산1동,8,6,2
4121060000,2025-10-31,경기도,광명시,철산2동,16,7,9
4121061000,2025-10-31,경기도,광명시,철산3동,13,6,7
4121062000,2025-10-31,경기도,광명시,철산4동,5,3,2
4121063100,2025-10-31,경기도,광명시,하안1동,6,4,2
4121063200,2025-10-31,경기도,광명시,하안2동,12,6,6
4121063300,2025-10-31,경기도,광명시,하안3동,14,8,6
4121063400,2025-10-31,경기도,광명시,하안4동,12,8,4
4121064000,2025-10-31,경기도,광명시,소하1동,8,5,3
4121065000,2025-10-31,경기도,광명시,소하2동,7,5,2
4121065500,2025-10-31,경기도,광명시,일직동,23,13,10
4121066000,2025-10-31,경기도,광명시,학온동,0,0,0
4122025000,2025-10-31,경기도,평택시,팽성읍,5,1,4
4122025300,2025-10-31,경기도,평택시,안중읍,18,9,9
4122025600,2025-10-31,경기도,평택시,포승읍,10,6,4
4122025900,2025-10-31,경기도,평택시,청북읍,10,3,7
4122031000,2025-10-31,경기도,평택시,진위면,1,1,0
4122032000,2025-10-31,경기도,평택시,서탄면,1,0,1
4122033000,2025-10-31,경기도,평택시,고덕면,5,3,2
4122034000,2025-10-31,경기도,평택시,오성면,0,0,0
4122037000,2025-10-31,경기도,평택시,현덕면,9,5,4
4122051000,2025-10-31,경기도,평택시,중앙동,12,7,5
4122052000,2025-10-31,경기도,평택시,서정동,16,7,9
4122053500,2025-10-31,경기도,평택시,송탄동,17,12,5
4122055000,2025-10-31,경기도,평택시,지산동,3,1,2
4122056000,2025-10-31,경기도,평택시,송북동,9,7,2
4122057000,2025-10-31,경기도,평택시,신장1동,4,2,2
4122058000,2025-10-31,경기도,평택시,신장2동,1,0,1
4122059000,2025-10-31,경기도,평택시,신평동,5,2,3
4122060000,2025-10-31,경기도,평택시,원평동,7,5,2
4122061000,2025-10-31,경기도,평택시,통복동,8,5,3
4122062000,2025-10-31,경기도,평택시,비전1동,23,10,13
4122063000,2025-10-31,경기도,평택시,비전2동,39,21,18
4122063500,2025-10-31,경기도,평택시,용이동,10,3,7
4122064000,2025-10-31,경기도,평택시,세교동,32,17,15
4122065000,2025-10-31,경기도,평택시,동삭동,51,20,31
4122066000,2025-10-31,경기도,평택시,고덕동,103,51,52
4125051000,2025-10-31,경기도,동두천시,생연1동,0,0,0
4125052000,2025-10-31,경기도,동두천시,생연2동,2,1,1
4125053500,2025-10-31,경기도,동두천시,중앙동,1,1,0
4125055000,2025-10-31,경기도,동두천시,보산동,0,0,0
4125056500,2025-10-31,경기도,동두천시,불현동,9,5,4
4125056600,2025-10-31,경기도,동두천시,송내동,6,4,2
4125058000,2025-10-31,경기도,동두천시,소요동,2,1,1
4125060000,2025-10-31,경기도,동두천시,상패동,0,0,0
4127151000,2025-10-31,경기도,안산시 상록구,일동,8,3,5
4127151500,2025-10-31,경기도,안산시 상록구,이동,4,0,4
4127152500,2025-10-31,경기도,안산시 상록구,사동,10,3,7
4127153200,2025-10-31,경기도,안산시 상록구,사이동,14,5,9
4127153700,2025-10-31,경기도,안산시 상록구,해양동,14,6,8
4127154000,2025-10-31,경기도,안산시 상록구,본오1동,10,6,4
4127155000,2025-10-31,경기도,안산시 상록구,본오2동,8,4,4
4127156000,2025-10-31,경기도,안산시 상록구,본오3동,4,3,1
4127157000,2025-10-31,경기도,안산시 상록구,부곡동,4,4,0
4127158000,2025-10-31,경기도,안산시 상록구,월피동,11,7,4
4127159000,2025-10-31,경기도,안산시 상록구,성포동,23,7,16
4127160000,2025-10-31,경기도,안산시 상록구,반월동,7,5,2
4127161000,2025-10-31,경기도,안산시 상록구,안산동,1,1,0
4127351000,2025-10-31,경기도,안산시 단원구,와동,7,6,1
4127352500,2025-10-31,경기도,안산시 단원구,고잔동,10,4,6
4127353200,2025-10-31,경기도,안산시 단원구,중앙동,8,5,3
4127353500,2025-10-31,경기도,안산시 단원구,호수동,17,8,9
4127354500,2025-10-31,경기도,안산시 단원구,원곡동,1,0,1
4127355500,2025-10-31,경기도,안산시 단원구,백운동,19,13,6
4127356500,2025-10-31,경기도,안산시 단원구,신길동,7,5,2
4127357000,2025-10-31,경기도,안산시 단원구,초지동,21,9,12
4127358000,2025-10-31,경기도,안산시 단원구,선부1동,14,5,9
4127359000,2025-10-31,경기도,안산시 단원구,선부2동,9,5,4
4127360000,2025-10-31,경기도,안산시 단원구,선부3동,8,3,5
4127361000,2025-10-31,경기도,안산시 단원구,대부동,1,1,0
4128151000,2025-10-31,경기도,고양시 덕양구,주교동,1,1,0
4128152000,2025-10-31,경기도,고양시 덕양구,원신동,17,7,10
4128153000,2025-10-31,경기도,고양시 덕양구,흥도동,13,9,4
4128154000,2025-10-31,경기도,고양시 덕양구,성사1동,13,8,5
4128155000,2025-10-31,경기도,고양시 덕양구,성사2동,4,3,1
4128156000,2025-10-31,경기도,고양시 덕양구,효자동,28,18,10
4128157600,2025-10-31,경기도,고양시 덕양구,삼송1동,20,15,5
4128157700,2025-10-31,경기도,고양시 덕양구,삼송2동,22,10,12
4128158000,2025-10-31,경기도,고양시 덕양구,창릉동,38,17,21
4128159000,2025-10-31,경기도,고양시 덕양구,고양동,4,2,2
4128160000,2025-10-31,경기도,고양시 덕양구,관산동,8,7,1
4128161000,2025-10-31,경기도,고양시 덕양구,능곡동,6,2,4
4128162100,2025-10-31,경기도,고양시 덕양구,화정1동,11,10,1
4128162200,2025-10-31,경기도,고양시 덕양구,화정2동,10,4,6
4128163000,2025-10-31,경기도,고양시 덕양구,행주동,4,2,2
4128164000,2025-10-31,경기도,고양시 덕양구,행신1동,7,2,5
4128165000,2025-10-31,경기도,고양시 덕양구,행신2동,18,11,7
4128165500,2025-10-31,경기도,고양시 덕양구,행신3동,14,8,6
4128165600,2025-10-31,경기도,고양시 덕양구,행신4동,9,5,4
4128166000,2025-10-31,경기도,고양시 덕양구,화전동,20,12,8
4128167000,2025-10-31,경기도,고양시 덕양구,대덕동,13,6,7
4128551000,2025-10-31,경기도,고양시 일산동구,식사동,19,11,8
4128552500,2025-10-31,경기도,고양시 일산동구,중산1동,7,4,3
4128552600,2025-10-31,경기도,고양시 일산동구,중산2동,9,6,3
4128553000,2025-10-31,경기도,고양시 일산동구,정발산동,1,0,1
4128554000,2025-10-31,경기도,고양시 일산동구,풍산동,25,14,11
4128555100,2025-10-31,경기도,고양시 일산동구,백석1동,15,4,11
4128555200,2025-10-31,경기도,고양시 일산동구,백석2동,11,5,6
4128556000,2025-10-31,경기도,고양시 일산동구,마두1동,4,2,2
4128557000,2025-10-31,경기도,고양시 일산동구,마두2동,1,0,1
4128558000,2025-10-31,경기도,고양시 일산동구,장항1동,32,19,13
4128559000,2025-10-31,경기도,고양시 일산동구,장항2동,7,6,1
4128560000,2025-10-31,경기도,고양시 일산동구,고봉동,4,2,2
4128751000,2025-10-31,경기도,고양시 일산서구,일산1동,7,4,3
4128752000,2025-10-31,경기도,고양시 일산서구,일산2동,14,6,8
4128753000,2025-10-31,경기도,고양시 일산서구,일산3동,13,7,6
4128754500,2025-10-31,경기도,고양시 일산서구,탄현1동,10,4,6
4128754600,2025-10-31,경기도,고양시 일산서구,탄현2동,5,1,4
4128755000,2025-10-31,경기도,고양시 일산서구,주엽1동,10,6,4
4128756000,2025-10-31,경기도,고양시 일산서구,주엽2동,7,0,7
4128757000,2025-10-31,경기도,고양시 일산서구,대화동,22,11,11
4128758000,2025-10-31,경기도,고양시 일산서구,송포동,14,7,7
4128760000,2025-10-31,경기도,고양시 일산서구,덕이동,13,8,5
4128761000,2025-10-31,경기도,고양시 일산서구,가좌동,4,2,2
4129051000,2025-10-31,경기도,과천시,중앙동,7,2,5
4129051500,2025-10-31,경기도,과천시,원문동,10,3,7
4129052000,2025-10-31,경기도,과천시,갈현동,18,11,7
4129053000,2025-10-31,경기도,과천시,별양동,16,6,10
4129054000,2025-10-31,경기도,과천시,부림동,4,4,0
4129055000,2025-10-31,경기도,과천시,과천동,5,2,3
4129056000,2025-10-31,경기도,과천시,문원동,8,5,3
4131051000,2025-10-31,경기도,구리시,갈매동,13,11,2
4131052000,2025-10-31,경기도,구리시,동구동,23,15,8
4131053000,2025-10-31,경기도,구리시,인창동,9,5,4
4131054100,2025-10-31,경기도,구리시,교문1동,5,4,1
4131054200,2025-10-31,경기도,구리시,교문2동,12,6,6
4131057000,2025-10-31,경기도,구리시,수택1동,8,2,6
4131058000,2025-10-31,경기도,구리시,수택2동,9,8,1
4131059000,2025-10-31,경기도,구리시,수택3동,9,4,5
4136025000,2025-10-31,경기도,남양주시,와부읍,16,8,8
4136025300,2025-10-31,경기도,남양주시,진접읍,35,17,18
4136025600,2025-10-31,경기도,남양주시,화도읍,25,11,14
4136025700,2025-10-31,경기도,남양주시,화도읍동부출장소,9,7,2
4136025800,2025-10-31,경기도,남양주시,화도읍남부출장소,11,4,7
4136025900,2025-10-31,경기도,남양주시,진건읍,9,4,5
4136026200,2025-10-31,경기도,남양주시,오남읍,21,12,9
4136026500,2025-10-31,경기도,남양주시,퇴계원읍,11,6,5
4136031000,2025-10-31,경기도,남양주시,별내면,5,2,3
4136034000,2025-10-31,경기도,남양주시,수동면,1,0,1
4136036000,2025-10-31,경기도,남양주시,조안면,0,0,0
4136051000,2025-10-31,경기도,남양주시,호평동,16,3,13
4136052000,2025-10-31,경기도,남양주시,평내동,18,10,8
4136053000,2025-10-31,경기도,남양주시,금곡동,2,2,0
4136054000,2025-10-31,경기도,남양주시,양정동,1,0,1
4136054500,2025-10-31,경기도,남양주시,다산1동,68,34,34
4136056500,2025-10-31,경기도,남양주시,다산2동,18,12,6
4136057000,2025-10-31,경기도,남양주시,별내동,59,25,34
4137051000,2025-10-31,경기도,오산시,중앙동,17,8,9
4137052300,2025-10-31,경기도,오산시,대원1동,16,8,8
4137052600,2025-10-31,경기도,오산시,대원2동,16,9,7
4137053000,2025-10-31,경기도,오산시,남촌동,16,7,9
4137054300,2025-10-31,경기도,오산시,신장1동,13,8,5
4137054600,2025-10-31,경기도,오산시,신장2동,12,7,5
4137055000,2025-10-31,경기도,오산시,세마동,19,10,9
4137056000,2025-10-31,경기도,오산시,초평동,31,17,14
4139051000,2025-10-31,경기도,시흥시,대야동,23,6,17
4139052000,2025-10-31,경기도,시흥시,신천동,13,6,7
4139053100,2025-10-31,경기도,시흥시,신현동,4,2,2
4139054000,2025-10-31,경기도,시흥시,은행동,18,8,10
4139055000,2025-10-31,경기도,시흥시,매화동,3,1,2
4139057000,2025-10-31,경기도,시흥시,목감동,24,15,9
4139058100,2025-10-31,경기도,시흥시,군자동,5,3,2
4139058200,2025-10-31,경기도,시흥시,월곶동,8,5,3
4139058900,2025-10-31,경기도,시흥시,정왕본동,5,1,4
4139059100,2025-10-31,경기도,시흥시,정왕1동,3,2,1
4139059200,2025-10-31,경기도,시흥시,정왕2동,6,1,5
4139059300,2025-10-31,경기도,시흥시,정왕3동,7,4,3
4139059400,2025-10-31,경기도,시흥시,정왕4동,8,5,3
4139059600,2025-10-31,경기도,시흥시,배곧1동,23,9,14
4139059700,2025-10-31,경기도,시흥시,배곧2동,20,7,13
4139062100,2025-10-31,경기도,시흥시,과림동,0,0,0
4139063000,2025-10-31,경기도,시흥시,연성동,14,10,4
4139063100,2025-10-31,경기도,시흥시,장곡동,35,21,14
4139064000,2025-10-31,경기도,시흥시,능곡동,10,7,3
4139065000,2025-10-31,경기도,시흥시,거북섬동,12,5,7
4141051000,2025-10-31,경기도,군포시,군포1동,13,2,11
4141052000,2025-10-31,경기도,군포시,군포2동,14,7,7
4141054000,2025-10-31,경기도,군포시,산본1동,6,3,3
4141055000,2025-10-31,경기도,군포시,산본2동,11,7,4
4141056000,2025-10-31,경기도,군포시,금정동,6,1,5
4141057000,2025-10-31,경기도,군포시,재궁동,12,7,5
4141058000,2025-10-31,경기도,군포시,오금동,18,7,11
4141059000,2025-10-31,경기도,군포시,수리동,5,4,1
4141060000,2025-10-31,경기도,군포시,궁내동,7,2,5
4141061000,2025-10-31,경기도,군포시,대야동,3,3,0
4141062000,2025-10-31,경기도,군포시,광정동,14,6,8
4141063000,2025-10-31,경기도,군포시,송부동,14,7,7
4143051000,2025-10-31,경기도,의왕시,고천동,16,10,6
4143052000,2025-10-31,경기도,의왕시,부곡동,14,5,9
4143053000,2025-10-31,경기도,의왕시,오전동,17,10,7
4143054000,2025-10-31,경기도,의왕시,내손1동,10,4,6
4143055000,2025-10-31,경기도,의왕시,내손2동,26,12,14
4143056000,2025-10-31,경기도,의왕시,청계동,19,7,12
4145051000,2025-10-31,경기도,하남시,천현동,1,1,0
4145052000,2025-10-31,경기도,하남시,신장1동,4,4,0
4145053000,2025-10-31,경기도,하남시,신장2동,32,13,19
4145054000,2025-10-31,경기도,하남시,덕풍1동,3,3,0
4145055000,2025-10-31,경기도,하남시,덕풍2동,6,3,3
4145056000,2025-10-31,경기도,하남시,덕풍3동,11,6,5
4145058000,2025-10-31,경기도,하남시,감북동,1,0,1
4145058200,2025-10-31,경기도,하남시,감일동,27,19,8
4145058500,2025-10-31,경기도,하남시,위례동,23,15,8
4145059000,2025-10-31,경기도,하남시,춘궁동,1,0,1
4145060000,2025-10-31,경기도,하남시,초이동,0,0,0
4145061000,2025-10-31,경기도,하남시,미사1동,34,21,13
4145062000,2025-10-31,경기도,하남시,미사2동,32,19,13
4145063000,2025-10-31,경기도,하남시,미사3동,25,19,6
4146125000,2025-10-31,경기도,용인시 처인구,포곡읍,8,5,3
4146125300,2025-10-31,경기도,용인시 처인구,모현읍,18,7,11
4146125600,2025-10-31,경기도,용인시 처인구,이동읍,6,3,3
4146125900,2025-10-31,경기도,용인시 처인구,남사읍,10,8,2
4146134000,2025-10-31,경기도,용인시 처인구,원삼면,1,0,1
4146135000,2025-10-31,경기도,용인시 처인구,백암면,0,0,0
4146136000,2025-10-31,경기도,용인시 처인구,양지면,9,7,2
4146151000,2025-10-31,경기도,용인시 처인구,중앙동,16,9,7
4146152500,2025-10-31,경기도,용인시 처인구,역북동,24,10,14
4146152600,2025-10-31,경기도,용인시 처인구,삼가동,5,2,3
4146153500,2025-10-31,경기도,용인시 처인구,유림1동,10,5,5
4146153600,2025-10-31,경기도,용인시 처인구,유림2동,31,16,15
4146154000,2025-10-31,경기도,용인시 처인구,동부동,2,2,0
4146351000,2025-10-31,경기도,용인시 기흥구,신갈동,27,15,12
4146351600,2025-10-31,경기도,용인시 기흥구,영덕1동,19,12,7
4146351700,2025-10-31,경기도,용인시 기흥구,영덕2동,15,4,11
4146352000,2025-10-31,경기도,용인시 기흥구,구갈동,32,18,14
4146353000,2025-10-31,경기도,용인시 기흥구,상갈동,6,3,3
4146353500,2025-10-31,경기도,용인시 기흥구,보라동,4,2,2
4146354000,2025-10-31,경기도,용인시 기흥구,기흥동,13,7,6
4146355000,2025-10-31,경기도,용인시 기흥구,서농동,16,7,9
4146356000,2025-10-31,경기도,용인시 기흥구,구성동,15,10,5
4146357000,2025-10-31,경기도,용인시 기흥구,마북동,16,10,6
4146357200,2025-10-31,경기도,용인시 기흥구,동백1동,6,2,4
4146357500,2025-10-31,경기도,용인시 기흥구,동백2동,5,2,3
4146357700,2025-10-31,경기도,용인시 기흥구,동백3동,17,5,12
4146358600,2025-10-31,경기도,용인시 기흥구,상하동,11,4,7
4146359000,2025-10-31,경기도,용인시 기흥구,보정동,12,5,7
4146551000,2025-10-31,경기도,용인시 수지구,풍덕천1동,28,13,15
4146552000,2025-10-31,경기도,용인시 수지구,풍덕천2동,19,10,9
4146553000,2025-10-31,경기도,용인시 수지구,신봉동,17,8,9
4146554000,2025-10-31,경기도,용인시 수지구,죽전1동,10,6,4
4146555000,2025-10-31,경기도,용인시 수지구,죽전2동,16,7,9
4146555500,2025-10-31,경기도,용인시 수지구,죽전3동,15,6,9
4146556000,2025-10-31,경기도,용인시 수지구,동천동,20,13,7
4146557000,2025-10-31,경기도,용인시 수지구,상현1동,10,4,6
4146558000,2025-10-31,경기도,용인시 수지구,상현2동,25,10,15
4146558500,2025-10-31,경기도,용인시 수지구,상현3동,14,8,6
4146559000,2025-10-31,경기도,용인시 수지구,성복동,23,11,12
4148025000,2025-10-31,경기도,파주시,문산읍,24,15,9
4148025300,2025-10-31,경기도,파주시,파주읍,3,2,1
4148025600,2025-10-31,경기도,파주시,법원읍,0,0,0
4148026200,2025-10-31,경기도,파주시,조리읍,6,5,1
4148031000,2025-10-31,경기도,파주시,월롱면,2,1,1
4148032000,2025-10-31,경기도,파주시,탄현면,2,1,1
4148035000,2025-10-31,경기도,파주시,광탄면,1,1,0
4148036000,2025-10-31,경기도,파주시,파평면,0,0,0
4148037000,2025-10-31,경기도,파주시,적성면,4,2,2
4148039000,2025-10-31,경기도,파주시,장단면,0,0,0
4148051000,2025-10-31,경기도,파주시,금촌1동,1,1,0
4148052000,2025-10-31,경기도,파주시,금촌2동,10,8,2
4148053000,2025-10-31,경기도,파주시,금촌3동,11,7,4
4148054000,2025-10-31,경기도,파주시,교하동,1,0,1
4148055000,2025-10-31,경기도,파주시,운정1동,40,21,19
4148056000,2025-10-31,경기도,파주시,운정2동,27,12,15
4148057000,2025-10-31,경기도,파주시,운정3동,41,23,18
4148058000,2025-10-31,경기도,파주시,운정4동,12,5,7
4148059000,2025-10-31,경기도,파주시,운정5동,52,25,27
4148060000,2025-10-31,경기도,파주시,운정6동,46,17,29
4150025000,2025-10-31,경기도,이천시,장호원읍,9,6,3
4150025300,2025-10-31,경기도,이천시,부발읍,13,8,5
4150031000,2025-10-31,경기도,이천시,신둔면,7,5,2
4150032000,2025-10-31,경기도,이천시,백사면,7,6,1
4150033000,2025-10-31,경기도,이천시,호법면,2,1,1
4150034000,2025-10-31,경기도,이천시,마장면,5,2,3
4150035000,2025-10-31,경기도,이천시,대월면,9,2,7
4150036000,2025-10-31,경기도,이천시,모가면,1,0,1
4150037000,2025-10-31,경기도,이천시,설성면,0,0,0
4150038000,2025-10-31,경기도,이천시,율면,1,0,1
4150051000,2025-10-31,경기도,이천시,창전동,3,1,2
4150051500,2025-10-31,경기도,이천시,증포동,41,23,18
4150052000,2025-10-31,경기도,이천시,중리동,11,4,7
4150053000,2025-10-31,경기도,이천시,관고동,7,2,5
4155025000,2025-10-31,경기도,안성시,공도읍,42,22,20
4155031000,2025-10-31,경기도,안성시,보개면,1,1,0
4155032000,2025-10-31,경기도,안성시,금광면,0,0,0
4155033000,2025-10-31,경기도,안성시,서운면,2,2,0
4155034000,2025-10-31,경기도,안성시,미양면,0,0,0
4155035000,2025-10-31,경기도,안성시,대덕면,3,2,1
4155036000,2025-10-31,경기도,안성시,양성면,0,0,0
4155038000,2025-10-31,경기도,안성시,원곡면,3,1,2
4155039000,2025-10-31,경기도,안성시,일죽면,3,3,0
4155040000,2025-10-31,경기도,안성시,죽산면,0,0,0
4155041000,2025-10-31,경기도,안성시,삼죽면,1,0,1
4155042000,2025-10-31,경기도,안성시,고삼면,0,0,0
4155051000,2025-10-31,경기도,안성시,안성1동,3,2,1
4155052000,2025-10-31,경기도,안성시,안성2동,14,5,9
4155053000,2025-10-31,경기도,안성시,안성3동,11,4,7
4157025000,2025-10-31,경기도,김포시,통진읍,15,5,10
4157025300,2025-10-31,경기도,김포시,고촌읍,31,17,14
4157025600,2025-10-31,경기도,김포시,양촌읍,13,5,8
4157034000,2025-10-31,경기도,김포시,대곶면,1,0,1
4157035000,2025-10-31,경기도,김포시,월곶면,0,0,0
4157036000,2025-10-31,경기도,김포시,하성면,1,1,0
4157051500,2025-10-31,경기도,김포시,김포본동,26,14,12
4157052500,2025-10-31,경기도,김포시,장기본동,21,8,13
4157054000,2025-10-31,경기도,김포시,사우동,9,4,5
4157055000,2025-10-31,경기도,김포시,풍무동,33,20,13
4157056000,2025-10-31,경기도,김포시,장기동,22,15,7
4157057000,2025-10-31,경기도,김포시,구래동,32,17,15
4157057500,2025-10-31,경기도,김포시,마산동,28,16,12
4157058000,2025-10-31,경기도,김포시,운양동,32,15,17
4159025300,2025-10-31,경기도,화성시,봉담읍,89,57,32
4159025600,2025-10-31,경기도,화성시,우정읍,2,1,1
4159025900,2025-10-31,경기도,화성시,향남읍,48,21,27
4159026200,2025-10-31,경기도,화성시,남양읍,50,22,28
4159031000,2025-10-31,경기도,화성시,매송면,0,0,0
4159032000,2025-10-31,경기도,화성시,비봉면,23,16,7
4159033000,2025-10-31,경기도,화성시,마도면,0,0,0
4159034000,2025-10-31,경기도,화성시,송산면,2,0,2
4159035000,2025-10-31,경기도,화성시,서신면,0,0,0
4159036000,2025-10-31,경기도,화성시,팔탄면,1,0,1
4159037000,2025-10-31,경기도,화성시,장안면,2,2,0
4159040000,2025-10-31,경기도,화성시,양감면,0,0,0
4159041000,2025-10-31,경기도,화성시,정남면,0,0,0
4159051500,2025-10-31,경기도,화성시,새솔동,20,10,10
4159052000,2025-10-31,경기도,화성시,진안동,38,17,21
4159053000,2025-10-31,경기도,화성시,병점1동,26,13,13
4159054000,2025-10-31,경기도,화성시,병점2동,9,3,6
4159055000,2025-10-31,경기도,화성시,반월동,30,19,11
4159056000,2025-10-31,경기도,화성시,기배동,8,4,4
4159057000,2025-10-31,경기도,화성시,화산동,19,8,11
4159058500,2025-10-31,경기도,화성시,동탄1동,41,17,24
4159058600,2025-10-31,경기도,화성시,동탄2동,8,5,3
4159058700,2025-10-31,경기도,화성시,동탄3동,27,15,12
4159058800,2025-10-31,경기도,화성시,동탄4동,36,18,18
4159059000,2025-10-31,경기도,화성시,동탄5동,63,36,27
4159060000,2025-10-31,경기도,화성시,동탄6동,50,23,27
4159061000,2025-10-31,경기도,화성시,동탄7동,37,19,18
4159062000,2025-10-31,경기도,화성시,동탄8동,50,29,21
4159063000,2025-10-31,경기도,화성시,동탄9동,57,33,24
4161025300,2025-10-31,경기도,광주시,초월읍,32,18,14
4161025900,2025-10-31,경기도,광주시,곤지암읍,4,1,3
4161033000,2025-10-31,경기도,광주시,도척면,1,0,1
4161034000,2025-10-31,경기도,광주시,퇴촌면,1,1,0
4161035000,2025-10-31,경기도,광주시,남종면,0,0,0
4161037000,2025-10-31,경기도,광주시,남한산성면,0,0,0
4161051000,2025-10-31,경기도,광주시,경안동,23,13,10
4161052000,2025-10-31,경기도,광주시,송정동,12,7,5
4161054000,2025-10-31,경기도,광주시,쌍령동,10,3,7
4161055000,2025-10-31,경기도,광주시,탄벌동,20,8,12
4161056000,2025-10-31,경기도,광주시,광남1동,11,4,7
4161057000,2025-10-31,경기도,광주시,광남2동,31,19,12
4161058000,2025-10-31,경기도,광주시,오포1동,30,12,18
4161059000,2025-10-31,경기도,광주시,오포2동,11,6,5
4161060000,2025-10-31,경기도,광주시,신현동,15,9,6
4161061000,2025-10-31,경기도,광주시,능평동,6,4,2
4163025000,2025-10-31,경기도,양주시,백석읍,7,3,4
4163031000,2025-10-31,경기도,양주시,은현면,2,1,1
4163032000,2025-10-31,경기도,양주시,남면,3,3,0
4163033000,2025-10-31,경기도,양주시,광적면,1,0,1
4163034000,2025-10-31,경기도,양주시,장흥면,6,4,2
4163051000,2025-10-31,경기도,양주시,양주1동,0,0,0
4163052000,2025-10-31,경기도,양주시,양주2동,13,8,5
4163053000,2025-10-31,경기도,양주시,회천1동,6,2,4
4163054000,2025-10-31,경기도,양주시,회천2동,31,17,14
4163055000,2025-10-31,경기도,양주시,회천3동,7,1,6
4163057000,2025-10-31,경기도,양주시,옥정1동,45,29,16
4163058000,2025-10-31,경기도,양주시,옥정2동,59,34,25
4165025000,2025-10-31,경기도,포천시,소흘읍,18,7,11
4165031000,2025-10-31,경기도,포천시,군내면,5,2,3
4165032000,2025-10-31,경기도,포천시,내촌면,1,0,1
4165033000,2025-10-31,경기도,포천시,가산면,1,1,0
4165034000,2025-10-31,경기도,포천시,신북면,2,0,2
4165035000,2025-10-31,경기도,포천시,창수면,0,0,0
4165036000,2025-10-31,경기도,포천시,영중면,1,1,0
4165037000,2025-10-31,경기도,포천시,일동면,3,1,2
4165038000,2025-10-31,경기도,포천시,이동면,4,3,1
4165039000,2025-10-31,경기도,포천시,영북면,3,3,0
4165040000,2025-10-31,경기도,포천시,관인면,0,0,0
4165041000,2025-10-31,경기도,포천시,화현면,0,0,0
4165051000,2025-10-31,경기도,포천시,포천동,6,2,4
4165052000,2025-10-31,경기도,포천시,선단동,4,1,3
4167025000,2025-10-31,경기도,여주시,가남읍,1,1,0
4167031000,2025-10-31,경기도,여주시,점동면,0,0,0
4167032000,2025-10-31,경기도,여주시,흥천면,0,0,0
4167033000,2025-10-31,경기도,여주시,금사면,0,0,0
4167034500,2025-10-31,경기도,여주시,세종대왕면,0,0,0
4167035000,2025-10-31,경기도,여주시,대신면,0,0,0
4167036000,2025-10-31,경기도,여주시,북내면,1,0,1
4167037000,2025-10-31,경기도,여주시,강천면,0,0,0
4167038000,2025-10-31,경기도,여주시,산북면,0,0,0
4167051000,2025-10-31,경기도,여주시,여흥동,5,3,2
4167052000,2025-10-31,경기도,여주시,중앙동,19,8,11
4167053000,2025-10-31,경기도,여주시,오학동,6,4,2
4180025000,2025-10-31,경기도,연천군,연천읍,7,4,3
4180025300,2025-10-31,경기도,연천군,전곡읍,11,4,7
4180031000,2025-10-31,경기도,연천군,군남면,0,0,0
4180032000,2025-10-31,경기도,연천군,청산면,0,0,0
4180033000,2025-10-31,경기도,연천군,백학면,0,0,0
4180034000,2025-10-31,경기도,연천군,미산면,0,0,0
4180035000,2025-10-31,경기도,연천군,왕징면,0,0,0
4180036000,2025-10-31,경기도,연천군,신서면,0,0,0
4180037000,2025-10-31,경기도,연천군,중면,0,0,0
4180038000,2025-10-31,경기도,연천군,장남면,0,0,0
4182025000,2025-10-31,경기도,가평군,가평읍,17,7,10
4182031000,2025-10-31,경기도,가평군,설악면,1,0,1
4182032500,2025-10-31,경기도,가평군,청평면,1,1,0
4182033000,2025-10-31,경기도,가평군,상면,0,0,0
4182034500,2025-10-31,경기도,가평군,조종면,8,2,6
4182035000,2025-10-31,경기도,가평군,북면,0,0,0
4183025000,2025-10-31,경기도,양평군,양평읍,16,9,7
4183031000,2025-10-31,경기도,양평군,강상면,5,2,3
4183032000,2025-10-31,경기도,양평군,강하면,0,0,0
4183033000,2025-10-31,경기도,양평군,양서면,7,4,3
4183034000,2025-10-31,경기도,양평군,옥천면,3,2,1
4183035000,2025-10-31,경기도,양평군,서종면,1,0,1
4183036000,2025-10-31,경기도,양평군,단월면,1,0,1
4183037000,2025-10-31,경기도,양평군,청운면,1,1,0
4183038000,2025-10-31,경기도,양평군,양동면,0,0,0
4183039500,2025-10-31,경기도,양평군,지평면,0,0,0
4183040000,2025-10-31,경기도,양평군,용문면,14,8,6
4183041000,2025-10-31,경기도,양평군,개군면,0,0,0
4311131000,2025-10-31,충청북도,청주시 상당구,낭성면,0,0,0
4311132000,2025-10-31,충청북도,청주시 상당구,미원면,0,0,0
4311133000,2025-10-31,충청북도,청주시 상당구,가덕면,1,1,0
4311134000,2025-10-31,충청북도,청주시 상당구,남일면,1,1,0
4311135000,2025-10-31,충청북도,청주시 상당구,문의면,0,0,0
4311152500,2025-10-31,충청북도,청주시 상당구,중앙동,6,2,4
4311154500,2025-10-31,충청북도,청주시 상당구,성안동,2,1,1
4311162000,2025-10-31,충청북도,청주시 상당구,탑대성동,8,5,3
4311167000,2025-10-31,충청북도,청주시 상당구,영운동,0,0,0
4311168000,2025-10-31,충청북도,청주시 상당구,금천동,11,5,6
4311169000,2025-10-31,충청북도,청주시 상당구,용담명암산성동,8,6,2
4311172000,2025-10-31,충청북도,청주시 상당구,용암1동,43,19,24
4311173000,2025-10-31,충청북도,청주시 상당구,용암2동,35,14,21
4311231000,2025-10-31,충청북도,청주시 서원구,남이면,4,2,2
4311232000,2025-10-31,충청북도,청주시 서원구,현도면,0,0,0
4311251000,2025-10-31,충청북도,청주시 서원구,사직1동,3,1,2
4311252000,2025-10-31,충청북도,청주시 서원구,사직2동,8,2,6
4311253000,2025-10-31,충청북도,청주시 서원구,사창동,1,1,0
4311254000,2025-10-31,충청북도,청주시 서원구,모충동,13,7,6
4311255000,2025-10-31,충청북도,청주시 서원구,산남동,2,1,1
4311256000,2025-10-31,충청북도,청주시 서원구,분평동,12,9,3
4311257000,2025-10-31,충청북도,청주시 서원구,수곡1동,2,1,1
4311258000,2025-10-31,충청북도,청주시 서원구,수곡2동,6,3,3
4311259000,2025-10-31,충청북도,청주시 서원구,성화개신죽림동,25,16,9
4311325000,2025-10-31,충청북도,청주시 흥덕구,오송읍,71,39,32
4311331000,2025-10-31,충청북도,청주시 흥덕구,강내면,2,0,2
4311332000,2025-10-31,충청북도,청주시 흥덕구,옥산면,15,12,3
4311370000,2025-10-31,충청북도,청주시 흥덕구,운천신봉동,4,2,2
4311374100,2025-10-31,충청북도,청주시 흥덕구,복대1동,20,11,9
4311374200,2025-10-31,충청북도,청주시 흥덕구,복대2동,5,3,2
4311374700,2025-10-31,충청북도,청주시 흥덕구,가경동,29,9,20
4311375100,2025-10-31,충청북도,청주시 흥덕구,봉명1동,17,9,8
4311375600,2025-10-31,충청북도,청주시 흥덕구,봉명2송정동,15,6,9
4311376000,2025-10-31,충청북도,청주시 흥덕구,강서1동,10,6,4
4311377000,2025-10-31,충청북도,청주시 흥덕구,강서2동,22,14,8
4311425000,2025-10-31,충청북도,청주시 청원구,내수읍,8,4,4
4311425300,2025-10-31,충청북도,청주시 청원구,오창읍,50,27,23
4311431000,2025-10-31,충청북도,청주시 청원구,북이면,0,0,0
4311451000,2025-10-31,충청북도,청주시 청원구,우암동,7,7,0
4311452000,2025-10-31,충청북도,청주시 청원구,내덕1동,0,0,0
4311453000,2025-10-31,충청북도,청주시 청원구,내덕2동,4,3,1
4311454000,2025-10-31,충청북도,청주시 청원구,율량사천동,21,11,10
4311455000,2025-10-31,충청북도,청주시 청원구,오근장동,10,3,7
4313025000,2025-10-31,충청북도,충주시,주덕읍,10,4,6
4313031000,2025-10-31,충청북도,충주시,살미면,0,0,0
4313032500,2025-10-31,충청북도,충주시,수안보면,0,0,0
4313033500,2025-10-31,충청북도,충주시,대소원면,5,5,0
4313035000,2025-10-31,충청북도,충주시,신니면,0,0,0
4313036000,2025-10-31,충청북도,충주시,노은면,0,0,0
4313037000,2025-10-31,충청북도,충주시,앙성면,0,0,0
4313038500,2025-10-31,충청북도,충주시,중앙탑면,16,7,9
4313039000,2025-10-31,충청북도,충주시,금가면,3,0,3
4313040000,2025-10-31,충청북도,충주시,동량면,0,0,0
4313041000,2025-10-31,충청북도,충주시,산척면,1,0,1
4313042000,2025-10-31,충청북도,충주시,엄정면,0,0,0
4313043000,2025-10-31,충청북도,충주시,소태면,0,0,0
4313051500,2025-10-31,충청북도,충주시,성내.충인동,1,1,0
4313053500,2025-10-31,충청북도,충주시,교현.안림동,3,2,1
4313054000,2025-10-31,충청북도,충주시,교현2동,1,1,0
4313055000,2025-10-31,충청북도,충주시,용산동,3,1,2
4313056000,2025-10-31,충청북도,충주시,지현동,0,0,0
4313057100,2025-10-31,충청북도,충주시,문화동,1,0,1
4313058000,2025-10-31,충청북도,충주시,호암.직동,11,4,7
4313060500,2025-10-31,충청북도,충주시,달천동,0,0,0
4313061000,2025-10-31,충청북도,충주시,봉방동,8,5,3
4313062500,2025-10-31,충청북도,충주시,칠금.금릉동,8,4,4
4313063000,2025-10-31,충청북도,충주시,연수동,7,5,2
4313064000,2025-10-31,충청북도,충주시,목행.용탄동,2,1,1
4315025000,2025-10-31,충청북도,제천시,봉양읍,0,0,0
4315031000,2025-10-31,충청북도,제천시,금성면,0,0,0
4315032000,2025-10-31,충청북도,제천시,청풍면,0,0,0
4315033000,2025-10-31,충청북도,제천시,수산면,0,0,0
4315034000,2025-10-31,충청북도,제천시,덕산면,0,0,0
4315035000,2025-10-31,충청북도,제천시,한수면,0,0,0
4315036000,2025-10-31,충청북도,제천시,백운면,2,1,1
4315038000,2025-10-31,충청북도,제천시,송학면,0,0,0
4315051000,2025-10-31,충청북도,제천시,교동,12,6,6
4315051800,2025-10-31,충청북도,제천시,의림지동,3,1,2
4315052800,2025-10-31,충청북도,제천시,중앙동,2,2,0
4315053700,2025-10-31,충청북도,제천시,남현동,1,0,1
4315054700,2025-10-31,충청북도,제천시,영서동,4,3,1
4315056000,2025-10-31,충청북도,제천시,용두동,13,6,7
4315057700,2025-10-31,충청북도,제천시,신백동,4,2,2
4315059000,2025-10-31,충청북도,제천시,청전동,1,1,0
4315060500,2025-10-31,충청북도,제천시,화산동,4,2,2
4372025000,2025-10-31,충청북도,보은군,보은읍,2,0,2
4372031500,2025-10-31,충청북도,보은군,속리산면,0,0,0
4372032500,2025-10-31,충청북도,보은군,장안면,0,0,0
4372033000,2025-10-31,충청북도,보은군,마로면,1,0,1
4372034000,2025-10-31,충청북도,보은군,탄부면,0,0,0
4372035000,2025-10-31,충청북도,보은군,삼승면,0,0,0
4372036000,2025-10-31,충청북도,보은군,수한면,0,0,0
4372037000,2025-10-31,충청북도,보은군,회남면,0,0,0
4372038500,2025-10-31,충청북도,보은군,회인면,2,2,0
4372039000,2025-10-31,충청북도,보은군,내북면,0,0,0
4372040000,2025-10-31,충청북도,보은군,산외면,0,0,0
4373025000,2025-10-31,충청북도,옥천군,옥천읍,11,6,5
4373031000,2025-10-31,충청북도,옥천군,동이면,0,0,0
4373032000,2025-10-31,충청북도,옥천군,안남면,0,0,0
4373033000,2025-10-31,충청북도,옥천군,안내면,0,0,0
4373034000,2025-10-31,충청북도,옥천군,청성면,1,0,1
4373035000,2025-10-31,충청북도,옥천군,청산면,0,0,0
4373036000,2025-10-31,충청북도,옥천군,이원면,1,1,0
4373037000,2025-10-31,충청북도,옥천군,군서면,0,0,0
4373038000,2025-10-31,충청북도,옥천군,군북면,0,0,0
4374025000,2025-10-31,충청북도,영동군,영동읍,4,3,1
4374031000,2025-10-31,충청북도,영동군,용산면,1,0,1
4374032000,2025-10-31,충청북도,영동군,황간면,1,0,1
4374033500,2025-10-31,충청북도,영동군,추풍령면,0,0,0
4374034000,2025-10-31,충청북도,영동군,매곡면,0,0,0
4374035000,2025-10-31,충청북도,영동군,상촌면,1,0,1
4374036000,2025-10-31,충청북도,영동군,양강면,0,0,0
4374037000,2025-10-31,충청북도,영동군,용화면,0,0,0
4374038000,2025-10-31,충청북도,영동군,학산면,0,0,0
4374039000,2025-10-31,충청북도,영동군,양산면,0,0,0
4374040000,2025-10-31,충청북도,영동군,심천면,0,0,0
4374525000,2025-10-31,충청북도,증평군,증평읍,15,8,7
4374531000,2025-10-31,충청북도,증평군,도안면,0,0,0
4375025000,2025-10-31,충청북도,진천군,진천읍,4,1,3
4375025300,2025-10-31,충청북도,진천군,덕산읍,21,10,11
4375032000,2025-10-31,충청북도,진천군,초평면,0,0,0
4375033000,2025-10-31,충청북도,진천군,문백면,0,0,0
4375034000,2025-10-31,충청북도,진천군,백곡면,0,0,0
4375035000,2025-10-31,충청북도,진천군,이월면,2,1,1
4375037000,2025-10-31,충청북도,진천군,광혜원면,1,1,0
4376025000,2025-10-31,충청북도,괴산군,괴산읍,1,1,0
4376031000,2025-10-31,충청북도,괴산군,감물면,1,0,1
4376032000,2025-10-31,충청북도,괴산군,장연면,0,0,0
4376033000,2025-10-31,충청북도,괴산군,연풍면,1,1,0
4376034000,2025-10-31,충청북도,괴산군,칠성면,1,1,0
4376035000,2025-10-31,충청북도,괴산군,문광면,0,0,0
4376036000,2025-10-31,충청북도,괴산군,청천면,0,0,0
4376037000,2025-10-31,충청북도,괴산군,청안면,0,0,0
4376039000,2025-10-31,충청북도,괴산군,사리면,0,0,0
4376040000,2025-10-31,충청북도,괴산군,소수면,1,0,1
4376041000,2025-10-31,충청북도,괴산군,불정면,0,0,0
4377025000,2025-10-31,충청북도,음성군,음성읍,4,1,3
4377025300,2025-10-31,충청북도,음성군,금왕읍,0,0,0
4377031000,2025-10-31,충청북도,음성군,소이면,0,0,0
4377032000,2025-10-31,충청북도,음성군,원남면,1,0,1
4377033000,2025-10-31,충청북도,음성군,맹동면,8,6,2
4377034000,2025-10-31,충청북도,음성군,대소면,11,4,7
4377035000,2025-10-31,충청북도,음성군,삼성면,2,2,0
4377036000,2025-10-31,충청북도,음성군,생극면,0,0,0
4377037000,2025-10-31,충청북도,음성군,감곡면,3,2,1
4380025000,2025-10-31,충청북도,단양군,단양읍,3,3,0
4380025300,2025-10-31,충청북도,단양군,매포읍,0,0,0
4380031000,2025-10-31,충청북도,단양군,대강면,0,0,0
4380032000,2025-10-31,충청북도,단양군,가곡면,0,0,0
4380033000,2025-10-31,충청북도,단양군,영춘면,0,0,0
4380034000,2025-10-31,충청북도,단양군,어상천면,2,1,1
4380035000,2025-10-31,충청북도,단양군,적성면,1,1,0
4380036000,2025-10-31,충청북도,단양군,단성면,0,0,0
4413125000,2025-10-31,충청남도,천안시 동남구,목천읍,3,2,1
4413131000,2025-10-31,충청남도,천안시 동남구,풍세면,12,9,3
4413132000,2025-10-31,충청남도,천안시 동남구,광덕면,0,0,0
4413133000,2025-10-31,충청남도,천안시 동남구,북면,0,0,0
4413134000,2025-10-31,충청남도,천안시 동남구,성남면,1,0,1
4413135000,2025-10-31,충청남도,천안시 동남구,수신면,0,0,0
4413136000,2025-10-31,충청남도,천안시 동남구,병천면,0,0,0
4413137000,2025-10-31,충청남도,천안시 동남구,동면,0,0,0
4413151000,2025-10-31,충청남도,천안시 동남구,중앙동,0,0,0
4413152000,2025-10-31,충청남도,천안시 동남구,문성동,3,1,2
4413153000,2025-10-31,충청남도,천안시 동남구,원성1동,1,0,1
4413154000,2025-10-31,충청남도,천안시 동남구,원성2동,2,1,1
4413155000,2025-10-31,충청남도,천안시 동남구,봉명동,8,2,6
4413156000,2025-10-31,충청남도,천안시 동남구,일봉동,9,5,4
4413157000,2025-10-31,충청남도,천안시 동남구,신방동,17,10,7
4413158000,2025-10-31,충청남도,천안시 동남구,청룡동,32,14,18
4413159000,2025-10-31,충청남도,천안시 동남구,신안동,14,7,7
4413325000,2025-10-31,충청남도,천안시 서북구,성환읍,1,0,1
4413325300,2025-10-31,충청남도,천안시 서북구,성거읍,11,10,1
4413325600,2025-10-31,충청남도,천안시 서북구,직산읍,2,1,1
4413331000,2025-10-31,충청남도,천안시 서북구,입장면,0,0,0
4413351000,2025-10-31,충청남도,천안시 서북구,성정1동,8,2,6
4413352000,2025-10-31,충청남도,천안시 서북구,성정2동,8,5,3
4413353000,2025-10-31,충청남도,천안시 서북구,쌍용1동,4,3,1
4413354000,2025-10-31,충청남도,천안시 서북구,쌍용2동,7,3,4
4413355000,2025-10-31,충청남도,천안시 서북구,쌍용3동,6,1,5
4413356000,2025-10-31,충청남도,천안시 서북구,백석동,16,10,6
4413356600,2025-10-31,충청남도,천안시 서북구,불당1동,26,13,13
4413356700,2025-10-31,충청남도,천안시 서북구,불당2동,31,16,15
4413358000,2025-10-31,충청남도,천안시 서북구,부성1동,37,21,16
4413359000,2025-10-31,충청남도,천안시 서북구,부성2동,55,30,25
4415025000,2025-10-31,충청남도,공주시,유구읍,3,2,1
4415031000,2025-10-31,충청남도,공주시,이인면,0,0,0
4415032000,2025-10-31,충청남도,공주시,탄천면,0,0,0
4415033000,2025-10-31,충청남도,공주시,계룡면,1,0,1
4415034000,2025-10-31,충청남도,공주시,반포면,0,0,0
4415036000,2025-10-31,충청남도,공주시,의당면,0,0,0
4415037000,2025-10-31,충청남도,공주시,정안면,0,0,0
4415038000,2025-10-31,충청남도,공주시,우성면,2,1,1
4415039000,2025-10-31,충청남도,공주시,사곡면,0,0,0
4415040000,2025-10-31,충청남도,공주시,신풍면,0,0,0
4415051000,2025-10-31,충청남도,공주시,중학동,0,0,0
4415054000,2025-10-31,충청남도,공주시,웅진동,3,2,1
4415055000,2025-10-31,충청남도,공주시,금학동,0,0,0
4415056000,2025-10-31,충청남도,공주시,옥룡동,3,2,1
4415057000,2025-10-31,충청남도,공주시,신관동,11,5,6
4415059000,2025-10-31,충청남도,공주시,월송동,14,8,6
4418025000,2025-10-31,충청남도,보령시,웅천읍,0,0,0
4418031000,2025-10-31,충청남도,보령시,주포면,0,0,0
4418032000,2025-10-31,충청남도,보령시,오천면,0,0,0
4418032500,2025-10-31,충청남도,보령시,오천면어항출장소,0,0,0
4418032900,2025-10-31,충청남도,보령시,원산출장소,0,0,0
4418033000,2025-10-31,충청남도,보령시,천북면,0,0,0
4418034000,2025-10-31,충청남도,보령시,청소면,0,0,0
4418035000,2025-10-31,충청남도,보령시,청라면,0,0,0
4418036000,2025-10-31,충청남도,보령시,남포면,1,0,1
4418038000,2025-10-31,충청남도,보령시,주산면,0,0,0
4418039000,2025-10-31,충청남도,보령시,미산면,0,0,0
4418040000,2025-10-31,충청남도,보령시,성주면,0,0,0
4418041000,2025-10-31,충청남도,보령시,주교면,0,0,0
4418051500,2025-10-31,충청남도,보령시,대천1동,5,2,3
4418052500,2025-10-31,충청남도,보령시,대천2동,0,0,0
4418053500,2025-10-31,충청남도,보령시,대천3동,5,3,2
4418054500,2025-10-31,충청남도,보령시,대천4동,11,5,6
4418056500,2025-10-31,충청남도,보령시,대천5동,0,0,0
4420025000,2025-10-31,충청남도,아산시,염치읍,1,1,0
4420025300,2025-10-31,충청남도,아산시,배방읍,80,44,36
4420031000,2025-10-31,충청남도,아산시,송악면,1,0,1
4420033000,2025-10-31,충청남도,아산시,탕정면,41,21,20
4420035000,2025-10-31,충청남도,아산시,음봉면,20,10,10
4420036000,2025-10-31,충청남도,아산시,둔포면,29,15,14
4420037000,2025-10-31,충청남도,아산시,영인면,0,0,0
4420038000,2025-10-31,충청남도,아산시,인주면,0,0,0
4420039000,2025-10-31,충청남도,아산시,선장면,0,0,0
4420040000,2025-10-31,충청남도,아산시,도고면,0,0,0
4420041000,2025-10-31,충청남도,아산시,신창면,9,5,4
4420057000,2025-10-31,충청남도,아산시,온양1동,8,2,6
4420058000,2025-10-31,충청남도,아산시,온양2동,2,2,0
4420059000,2025-10-31,충청남도,아산시,온양3동,10,4,6
4420060000,2025-10-31,충청남도,아산시,온양4동,2,2,0
4420061000,2025-10-31,충청남도,아산시,온양5동,8,3,5
4420062000,2025-10-31,충청남도,아산시,온양6동,6,5,1
4421025000,2025-10-31,충청남도,서산시,대산읍,3,0,3
4421031000,2025-10-31,충청남도,서산시,인지면,0,0,0
4421032000,2025-10-31,충청남도,서산시,부석면,0,0,0
4421033000,2025-10-31,충청남도,서산시,팔봉면,0,0,0
4421034000,2025-10-31,충청남도,서산시,지곡면,3,0,3
4421036000,2025-10-31,충청남도,서산시,성연면,20,12,8
4421037000,2025-10-31,충청남도,서산시,음암면,3,2,1
4421038000,2025-10-31,충청남도,서산시,운산면,0,0,0
4421039000,2025-10-31,충청남도,서산시,해미면,0,0,0
4421040000,2025-10-31,충청남도,서산시,고북면,2,1,1
4421051000,2025-10-31,충청남도,서산시,부춘동,3,2,1
4421052500,2025-10-31,충청남도,서산시,동문1동,4,2,2
4421053500,2025-10-31,충청남도,서산시,동문2동,0,0,0
4421054000,2025-10-31,충청남도,서산시,수석동,7,4,3
4421055000,2025-10-31,충청남도,서산시,석남동,21,9,12
4423025000,2025-10-31,충청남도,논산시,강경읍,1,1,0
4423025300,2025-10-31,충청남도,논산시,연무읍,5,2,3
4423031000,2025-10-31,충청남도,논산시,성동면,0,0,0
4423032000,2025-10-31,충청남도,논산시,광석면,0,0,0
4423033000,2025-10-31,충청남도,논산시,노성면,0,0,0
4423034000,2025-10-31,충청남도,논산시,상월면,0,0,0
4423035000,2025-10-31,충청남도,논산시,부적면,0,0,0
4423036000,2025-10-31,충청남도,논산시,연산면,1,1,0
4423038000,2025-10-31,충청남도,논산시,벌곡면,0,0,0
4423039000,2025-10-31,충청남도,논산시,양촌면,6,2,4
4423040000,2025-10-31,충청남도,논산시,가야곡면,1,1,0
4423041000,2025-10-31,충청남도,논산시,은진면,0,0,0
4423042000,2025-10-31,충청남도,논산시,채운면,0,0,0
4423051000,2025-10-31,충청남도,논산시,취암동,14,3,11
4423052000,2025-10-31,충청남도,논산시,부창동,5,3,2
4425031000,2025-10-31,충청남도,계룡시,두마면,13,5,8
4425031500,2025-10-31,충청남도,계룡시,엄사면,2,2,0
4425033000,2025-10-31,충청남도,계룡시,신도안면,4,3,1
4425051000,2025-10-31,충청남도,계룡시,금암동,1,1,0
4427025000,2025-10-31,충청남도,당진시,합덕읍,0,0,0
4427025300,2025-10-31,충청남도,당진시,송악읍,5,1,4
4427031000,2025-10-31,충청남도,당진시,고대면,2,1,1
4427032000,2025-10-31,충청남도,당진시,석문면,2,2,0
4427033000,2025-10-31,충청남도,당진시,대호지면,0,0,0
4427034000,2025-10-31,충청남도,당진시,정미면,0,0,0
4427035000,2025-10-31,충청남도,당진시,면천면,0,0,0
4427036000,2025-10-31,충청남도,당진시,순성면,0,0,0
4427037000,2025-10-31,충청남도,당진시,우강면,0,0,0
4427038000,2025-10-31,충청남도,당진시,신평면,4,3,1
4427039000,2025-10-31,충청남도,당진시,송산면,2,2,0
4427051000,2025-10-31,충청남도,당진시,당진1동,39,15,24
4427052000,2025-10-31,충청남도,당진시,당진2동,13,10,3
4427053000,2025-10-31,충청남도,당진시,당진3동,5,1,4
4471025000,2025-10-31,충청남도,금산군,금산읍,12,4,8
4471031000,2025-10-31,충청남도,금산군,금성면,1,1,0
4471032000,2025-10-31,충청남도,금산군,제원면,0,0,0
4471033000,2025-10-31,충청남도,금산군,부리면,0,0,0
4471034000,2025-10-31,충청남도,금산군,군북면,0,0,0
4471035000,2025-10-31,충청남도,금산군,남일면,0,0,0
4471036000,2025-10-31,충청남도,금산군,남이면,0,0,0
4471037000,2025-10-31,충청남도,금산군,진산면,0,0,0
4471038000,2025-10-31,충청남도,금산군,복수면,1,0,1
4471039000,2025-10-31,충청남도,금산군,추부면,1,0,1
4476025000,2025-10-31,충청남도,부여군,부여읍,5,2,3
4476031000,2025-10-31,충청남도,부여군,규암면,5,4,1
4476032000,2025-10-31,충청남도,부여군,은산면,0,0,0
4476033000,2025-10-31,충청남도,부여군,외산면,0,0,0
4476034000,2025-10-31,충청남도,부여군,내산면,1,1,0
4476035000,2025-10-31,충청남도,부여군,구룡면,0,0,0
4476036000,2025-10-31,충청남도,부여군,홍산면,0,0,0
4476037000,2025-10-31,충청남도,부여군,옥산면,0,0,0
4476038000,2025-10-31,충청남도,부여군,남면,0,0,0
4476039000,2025-10-31,충청남도,부여군,충화면,1,1,0
4476040000,2025-10-31,충청남도,부여군,양화면,0,0,0
4476041000,2025-10-31,충청남도,부여군,임천면,0,0,0
4476042000,2025-10-31,충청남도,부여군,장암면,1,0,1
4476043000,2025-10-31,충청남도,부여군,세도면,1,0,1
4476044000,2025-10-31,충청남도,부여군,석성면,0,0,0
4476045000,2025-10-31,충청남도,부여군,초촌면,0,0,0
4477025000,2025-10-31,충청남도,서천군,장항읍,6,4,2
4477025300,2025-10-31,충청남도,서천군,서천읍,4,2,2
4477031000,2025-10-31,충청남도,서천군,마서면,0,0,0
4477032000,2025-10-31,충청남도,서천군,화양면,0,0,0
4477033000,2025-10-31,충청남도,서천군,기산면,0,0,0
4477034000,2025-10-31,충청남도,서천군,한산면,0,0,0
4477035000,2025-10-31,충청남도,서천군,마산면,0,0,0
4477036000,2025-10-31,충청남도,서천군,시초면,0,0,0
4477037000,2025-10-31,충청남도,서천군,문산면,0,0,0
4477038000,2025-10-31,충청남도,서천군,판교면,0,0,0
4477039000,2025-10-31,충청남도,서천군,종천면,0,0,0
4477040000,2025-10-31,충청남도,서천군,비인면,0,0,0
4477041000,2025-10-31,충청남도,서천군,서면,0,0,0
4479025000,2025-10-31,충청남도,청양군,청양읍,3,2,1
4479031000,2025-10-31,충청남도,청양군,운곡면,0,0,0
4479032000,2025-10-31,충청남도,청양군,대치면,1,1,0
4479033000,2025-10-31,충청남도,청양군,정산면,0,0,0
4479034000,2025-10-31,충청남도,청양군,목면,0,0,0
4479035000,2025-10-31,충청남도,청양군,청남면,0,0,0
4479036000,2025-10-31,충청남도,청양군,장평면,1,0,1
4479037000,2025-10-31,충청남도,청양군,남양면,0,0,0
4479038000,2025-10-31,충청남도,청양군,화성면,0,0,0
4479039000,2025-10-31,충청남도,청양군,비봉면,0,0,0
4480025000,2025-10-31,충청남도,홍성군,홍성읍,8,4,4
4480025300,2025-10-31,충청남도,홍성군,광천읍,0,0,0
4480025600,2025-10-31,충청남도,홍성군,홍북읍,37,19,18
4480032000,2025-10-31,충청남도,홍성군,금마면,0,0,0
4480033000,2025-10-31,충청남도,홍성군,홍동면,0,0,0
4480034000,2025-10-31,충청남도,홍성군,장곡면,0,0,0
4480035000,2025-10-31,충청남도,홍성군,은하면,0,0,0
4480036000,2025-10-31,충청남도,홍성군,결성면,0,0,0
4480037000,2025-10-31,충청남도,홍성군,서부면,0,0,0
4480038000,2025-10-31,충청남도,홍성군,갈산면,1,1,0
4480039000,2025-10-31,충청남도,홍성군,구항면,0,0,0
4481025000,2025-10-31,충청남도,예산군,예산읍,6,4,2
4481025300,2025-10-31,충청남도,예산군,삽교읍,19,6,13
4481031000,2025-10-31,충청남도,예산군,대술면,0,0,0
4481032000,2025-10-31,충청남도,예산군,신양면,0,0,0
4481033000,2025-10-31,충청남도,예산군,광시면,0,0,0
4481034000,2025-10-31,충청남도,예산군,대흥면,0,0,0
4481035000,2025-10-31,충청남도,예산군,응봉면,0,0,0
4481036000,2025-10-31,충청남도,예산군,덕산면,0,0,0
4481037000,2025-10-31,충청남도,예산군,봉산면,0,0,0
4481038000,2025-10-31,충청남도,예산군,고덕면,1,1,0
4481039000,2025-10-31,충청남도,예산군,신암면,0,0,0
4481040000,2025-10-31,충청남도,예산군,오가면,0,0,0
4482525000,2025-10-31,충청남도,태안군,태안읍,9,5,4
4482525300,2025-10-31,충청남도,태안군,안면읍,2,1,1
4482531000,2025-10-31,충청남도,태안군,고남면,0,0,0
4482532000,2025-10-31,충청남도,태안군,남면,1,0,1
4482533000,2025-10-31,충청남도,태안군,근흥면,0,0,0
4482534000,2025-10-31,충청남도,태안군,소원면,1,1,0
4482535000,2025-10-31,충청남도,태안군,원북면,0,0,0
4482536000,2025-10-31,충청남도,태안군,이원면,0,0,0
4611051000,2025-10-31,전라남도,목포시,용당1동,3,3,0
4611052000,2025-10-31,전라남도,목포시,용당2동,0,0,0
4611053500,2025-10-31,전라남도,목포시,연동,0,0,0
4611054500,2025-10-31,전라남도,목포시,산정동,3,1,2
4611055400,2025-10-31,전라남도,목포시,연산동,4,1,3
4611055800,2025-10-31,전라남도,목포시,원산동,2,0,2
4611056500,2025-10-31,전라남도,목포시,대성동,4,2,2
4611059500,2025-10-31,전라남도,목포시,목원동,0,0,0
4611064000,2025-10-31,전라남도,목포시,동명동,1,1,0
4611064500,2025-10-31,전라남도,목포시,삼학동,0,0,0
4611065500,2025-10-31,전라남도,목포시,만호동,0,0,0
4611066000,2025-10-31,전라남도,목포시,유달동,1,1,0
4611069500,2025-10-31,전라남도,목포시,죽교동,0,0,0
4611070500,2025-10-31,전라남도,목포시,북항동,3,2,1
4611074500,2025-10-31,전라남도,목포시,용해동,5,3,2
4611075000,2025-10-31,전라남도,목포시,이로동,2,1,1
4611075600,2025-10-31,전라남도,목포시,상동,16,9,7
4611075700,2025-10-31,전라남도,목포시,하당동,11,7,4
4611075800,2025-10-31,전라남도,목포시,신흥동,8,4,4
4611078000,2025-10-31,전라남도,목포시,삼향동,0,0,0
4611079000,2025-10-31,전라남도,목포시,옥암동,2,1,1
4611080000,2025-10-31,전라남도,목포시,부흥동,2,1,1
4611081000,2025-10-31,전라남도,목포시,부주동,6,4,2
4613025000,2025-10-31,전라남도,여수시,돌산읍,0,0,0
4613025100,2025-10-31,전라남도,여수시,돌산읍우두출장소,3,3,0
4613025200,2025-10-31,전라남도,여수시,돌산읍죽포출장소,0,0,0
4613031000,2025-10-31,전라남도,여수시,소라면,9,2,7
4613032000,2025-10-31,전라남도,여수시,율촌면,2,1,1
4613033000,2025-10-31,전라남도,여수시,화양면,1,0,1
4613034000,2025-10-31,전라남도,여수시,남면,0,0,0
4613035000,2025-10-31,전라남도,여수시,화정면,0,0,0
4613035600,2025-10-31,전라남도,여수시,화정면개도출장소,0,0,0
4613036000,2025-10-31,전라남도,여수시,삼산면,0,0,0
4613051500,2025-10-31,전라남도,여수시,동문동,3,1,2
4613053500,2025-10-31,전라남도,여수시,한려동,1,1,0
4613057000,2025-10-31,전라남도,여수시,중앙동,0,0,0
4613060000,2025-10-31,전라남도,여수시,충무동,0,0,0
4613062500,2025-10-31,전라남도,여수시,광림동,4,3,1
4613063500,2025-10-31,전라남도,여수시,서강동,1,1,0
4613065500,2025-10-31,전라남도,여수시,대교동,0,0,0
4613067000,2025-10-31,전라남도,여수시,국동,1,1,0
4613068500,2025-10-31,전라남도,여수시,월호동,1,1,0
4613070000,2025-10-31,전라남도,여수시,여서동,1,1,0
4613071000,2025-10-31,전라남도,여수시,문수동,5,4,1
4613073000,2025-10-31,전라남도,여수시,미평동,0,0,0
4613074000,2025-10-31,전라남도,여수시,둔덕동,5,3,2
4613076500,2025-10-31,전라남도,여수시,만덕동,4,3,1
4613078000,2025-10-31,전라남도,여수시,쌍봉동,23,14,9
4613079000,2025-10-31,전라남도,여수시,시전동,42,29,13
4613080000,2025-10-31,전라남도,여수시,여천동,4,3,1
4613081000,2025-10-31,전라남도,여수시,주삼동,8,4,4
4613082000,2025-10-31,전라남도,여수시,삼일동,0,0,0
4613083000,2025-10-31,전라남도,여수시,묘도동,0,0,0
4615025000,2025-10-31,전라남도,순천시,승주읍,0,0,0
4615031000,2025-10-31,전라남도,순천시,해룡면,0,0,0
4615031500,2025-10-31,전라남도,순천시,해룡면상삼출장소,10,3,7
4615031600,2025-10-31,전라남도,순천시,해룡면신대출장소,25,10,15
4615032000,2025-10-31,전라남도,순천시,서면,9,4,5
4615033000,2025-10-31,전라남도,순천시,황전면,0,0,0
4615034000,2025-10-31,전라남도,순천시,월등면,0,0,0
4615035000,2025-10-31,전라남도,순천시,주암면,0,0,0
4615036000,2025-10-31,전라남도,순천시,송광면,0,0,0
4615037000,2025-10-31,전라남도,순천시,외서면,0,0,0
4615038000,2025-10-31,전라남도,순천시,낙안면,1,1,0
4615039000,2025-10-31,전라남도,순천시,별량면,0,0,0
4615040000,2025-10-31,전라남도,순천시,상사면,0,0,0
4615051500,2025-10-31,전라남도,순천시,향동,2,2,0
4615054000,2025-10-31,전라남도,순천시,매곡동,1,1,0
4615055000,2025-10-31,전라남도,순천시,삼산동,16,5,11
4615056000,2025-10-31,전라남도,순천시,조곡동,5,2,3
4615057000,2025-10-31,전라남도,순천시,덕연동,13,7,6
4615058000,2025-10-31,전라남도,순천시,풍덕동,2,1,1
4615059000,2025-10-31,전라남도,순천시,남제동,0,0,0
4615060000,2025-10-31,전라남도,순천시,저전동,1,1,0
4615061000,2025-10-31,전라남도,순천시,장천동,0,0,0
4615062000,2025-10-31,전라남도,순천시,중앙동,0,0,0
4615063500,2025-10-31,전라남도,순천시,도사동,6,3,3
4615066100,2025-10-31,전라남도,순천시,왕조1동,42,27,15
4615066500,2025-10-31,전라남도,순천시,왕조2동,11,7,4
4617025000,2025-10-31,전라남도,나주시,남평읍,9,7,2
4617031000,2025-10-31,전라남도,나주시,세지면,0,0,0
4617032000,2025-10-31,전라남도,나주시,왕곡면,1,1,0
4617033000,2025-10-31,전라남도,나주시,반남면,1,1,0
4617034000,2025-10-31,전라남도,나주시,공산면,0,0,0
4617035000,2025-10-31,전라남도,나주시,동강면,0,0,0
4617036000,2025-10-31,전라남도,나주시,다시면,0,0,0
4617037000,2025-10-31,전라남도,나주시,문평면,0,0,0
4617038000,2025-10-31,전라남도,나주시,노안면,2,1,1
4617039000,2025-10-31,전라남도,나주시,금천면,3,1,2
4617040000,2025-10-31,전라남도,나주시,산포면,0,0,0
4617042000,2025-10-31,전라남도,나주시,다도면,0,0,0
4617043000,2025-10-31,전라남도,나주시,봉황면,0,0,0
4617051000,2025-10-31,전라남도,나주시,송월동,4,2,2
4617052000,2025-10-31,전라남도,나주시,영강동,0,0,0
4617054000,2025-10-31,전라남도,나주시,금남동,0,0,0
4617055000,2025-10-31,전라남도,나주시,성북동,4,2,2
4617058000,2025-10-31,전라남도,나주시,영산동,1,1,0
4617060000,2025-10-31,전라남도,나주시,이창동,1,1,0
4617062000,2025-10-31,전라남도,나주시,빛가람동,31,18,13
4623025000,2025-10-31,전라남도,광양시,광양읍,28,14,14
4623031000,2025-10-31,전라남도,광양시,봉강면,0,0,0
4623032000,2025-10-31,전라남도,광양시,옥룡면,0,0,0
4623033000,2025-10-31,전라남도,광양시,옥곡면,4,3,1
4623034000,2025-10-31,전라남도,광양시,진상면,0,0,0
4623035000,2025-10-31,전라남도,광양시,진월면,0,0,0
4623036000,2025-10-31,전라남도,광양시,다압면,0,0,0
4623051500,2025-10-31,전라남도,광양시,골약동,27,17,10
4623053000,2025-10-31,전라남도,광양시,중마동,44,27,17
4623054000,2025-10-31,전라남도,광양시,광영동,1,1,0
4623055000,2025-10-31,전라남도,광양시,금호동,2,1,1
4623057000,2025-10-31,전라남도,광양시,태인동,0,0,0
4671025000,2025-10-31,전라남도,담양군,담양읍,12,4,8
4671031000,2025-10-31,전라남도,담양군,봉산면,0,0,0
4671032000,2025-10-31,전라남도,담양군,고서면,0,0,0
4671033500,2025-10-31,전라남도,담양군,가사문학면,0,0,0
4671034000,2025-10-31,전라남도,담양군,창평면,0,0,0
4671035000,2025-10-31,전라남도,담양군,대덕면,1,1,0
4671036000,2025-10-31,전라남도,담양군,무정면,1,0,1
4671037000,2025-10-31,전라남도,담양군,금성면,0,0,0
4671038000,2025-10-31,전라남도,담양군,용면,0,0,0
4671039000,2025-10-31,전라남도,담양군,월산면,0,0,0
4671040000,2025-10-31,전라남도,담양군,수북면,0,0,0
4671041000,2025-10-31,전라남도,담양군,대전면,2,1,1
4672025000,2025-10-31,전라남도,곡성군,곡성읍,2,1,1
4672031000,2025-10-31,전라남도,곡성군,오곡면,3,2,1
4672032000,2025-10-31,전라남도,곡성군,삼기면,0,0,0
4672033000,2025-10-31,전라남도,곡성군,석곡면,0,0,0
4672034000,2025-10-31,전라남도,곡성군,목사동면,0,0,0
4672035000,2025-10-31,전라남도,곡성군,죽곡면,1,0,1
4672036000,2025-10-31,전라남도,곡성군,고달면,0,0,0
4672037000,2025-10-31,전라남도,곡성군,옥과면,1,1,0
4672038000,2025-10-31,전라남도,곡성군,입면,1,0,1
4672039000,2025-10-31,전라남도,곡성군,겸면,0,0,0
4672040000,2025-10-31,전라남도,곡성군,오산면,0,0,0
4673025000,2025-10-31,전라남도,구례군,구례읍,4,3,1
4673031000,2025-10-31,전라남도,구례군,문척면,0,0,0
4673032000,2025-10-31,전라남도,구례군,간전면,1,0,1
4673033000,2025-10-31,전라남도,구례군,토지면,0,0,0
4673034000,2025-10-31,전라남도,구례군,마산면,0,0,0
4673035000,2025-10-31,전라남도,구례군,광의면,2,1,1
4673036000,2025-10-31,전라남도,구례군,용방면,0,0,0
4673037000,2025-10-31,전라남도,구례군,산동면,0,0,0
4677025000,2025-10-31,전라남도,고흥군,고흥읍,10,6,4
4677025300,2025-10-31,전라남도,고흥군,도양읍,3,1,2
4677025400,2025-10-31,전라남도,고흥군,도양읍소록출장소,0,0,0
4677025500,2025-10-31,전라남도,고흥군,도양읍시산출장소,0,0,0
4677031000,2025-10-31,전라남도,고흥군,풍양면,0,0,0
4677032000,2025-10-31,전라남도,고흥군,도덕면,1,0,1
4677033000,2025-10-31,전라남도,고흥군,금산면,0,0,0
4677034000,2025-10-31,전라남도,고흥군,도화면,0,0,0
4677035000,2025-10-31,전라남도,고흥군,포두면,1,0,1
4677036000,2025-10-31,전라남도,고흥군,봉래면,0,0,0
4677037000,2025-10-31,전라남도,고흥군,점암면,0,0,0
4677038000,2025-10-31,전라남도,고흥군,과역면,0,0,0
4677039000,2025-10-31,전라남도,고흥군,남양면,0,0,0
4677040000,2025-10-31,전라남도,고흥군,동강면,1,0,1
4677041000,2025-10-31,전라남도,고흥군,대서면,0,0,0
4677042000,2025-10-31,전라남도,고흥군,두원면,1,1,0
4677044000,2025-10-31,전라남도,고흥군,영남면,0,0,0
4677045000,2025-10-31,전라남도,고흥군,동일면,0,0,0
4678025000,2025-10-31,전라남도,보성군,보성읍,2,0,2
4678025300,2025-10-31,전라남도,보성군,벌교읍,4,1,3
4678031000,2025-10-31,전라남도,보성군,노동면,0,0,0
4678032000,2025-10-31,전라남도,보성군,미력면,0,0,0
4678033000,2025-10-31,전라남도,보성군,겸백면,0,0,0
4678034000,2025-10-31,전라남도,보성군,율어면,0,0,0
4678035000,2025-10-31,전라남도,보성군,복내면,1,1,0
4678036000,2025-10-31,전라남도,보성군,문덕면,0,0,0
4678037000,2025-10-31,전라남도,보성군,조성면,0,0,0
4678038000,2025-10-31,전라남도,보성군,득량면,1,0,1
4678038500,2025-10-31,전라남도,보성군,득량면예당출장소,0,0,0
4678039000,2025-10-31,전라남도,보성군,회천면,1,0,1
4678040000,2025-10-31,전라남도,보성군,웅치면,0,0,0
4679025000,2025-10-31,전라남도,화순군,화순읍,14,5,9
4679031000,2025-10-31,전라남도,화순군,한천면,0,0,0
4679031500,2025-10-31,전라남도,화순군,한천면영외출장소,0,0,0
4679032000,2025-10-31,전라남도,화순군,춘양면,1,1,0
4679033000,2025-10-31,전라남도,화순군,청풍면,0,0,0
4679034000,2025-10-31,전라남도,화순군,이양면,1,1,0
4679035000,2025-10-31,전라남도,화순군,능주면,1,1,0
4679036000,2025-10-31,전라남도,화순군,도곡면,4,2,2
4679037000,2025-10-31,전라남도,화순군,도암면,1,1,0
4679038000,2025-10-31,전라남도,화순군,이서면,0,0,0
4679039500,2025-10-31,전라남도,화순군,백아면,0,0,0
4679040000,2025-10-31,전라남도,화순군,동복면,1,0,1
4679041500,2025-10-31,전라남도,화순군,사평면,1,1,0
4679042000,2025-10-31,전라남도,화순군,동면,0,0,0
4680025000,2025-10-31,전라남도,장흥군,장흥읍,12,5,7
4680025300,2025-10-31,전라남도,장흥군,관산읍,1,0,1
4680025600,2025-10-31,전라남도,장흥군,대덕읍,0,0,0
4680031000,2025-10-31,전라남도,장흥군,용산면,0,0,0
4680032000,2025-10-31,전라남도,장흥군,안양면,0,0,0
4680033000,2025-10-31,전라남도,장흥군,장동면,0,0,0
4680034000,2025-10-31,전라남도,장흥군,장평면,0,0,0
4680035000,2025-10-31,전라남도,장흥군,유치면,0,0,0
4680036000,2025-10-31,전라남도,장흥군,부산면,0,0,0
4680037000,2025-10-31,전라남도,장흥군,회진면,0,0,0
4681025000,2025-10-31,전라남도,강진군,강진읍,9,4,5
4681031000,2025-10-31,전라남도,강진군,군동면,7,3,4
4681032000,2025-10-31,전라남도,강진군,칠량면,1,1,0
4681033000,2025-10-31,전라남도,강진군,대구면,0,0,0
4681034000,2025-10-31,전라남도,강진군,도암면,2,1,1
4681035000,2025-10-31,전라남도,강진군,신전면,0,0,0
4681036000,2025-10-31,전라남도,강진군,성전면,0,0,0
4681037000,2025-10-31,전라남도,강진군,작천면,1,0,1
4681038000,2025-10-31,전라남도,강진군,병영면,0,0,0
4681039000,2025-10-31,전라남도,강진군,옴천면,0,0,0
4681040000,2025-10-31,전라남도,강진군,마량면,0,0,0
4682025000,2025-10-31,전라남도,해남군,해남읍,13,5,8
4682031000,2025-10-31,전라남도,해남군,삼산면,0,0,0
4682032000,2025-10-31,전라남도,해남군,화산면,3,2,1
4682033000,2025-10-31,전라남도,해남군,현산면,0,0,0
4682034000,2025-10-31,전라남도,해남군,송지면,2,2,0
4682035000,2025-10-31,전라남도,해남군,북평면,0,0,0
4682036000,2025-10-31,전라남도,해남군,북일면,0,0,0
4682037000,2025-10-31,전라남도,해남군,옥천면,0,0,0
4682038000,2025-10-31,전라남도,해남군,계곡면,0,0,0
4682039000,2025-10-31,전라남도,해남군,마산면,1,1,0
4682040000,2025-10-31,전라남도,해남군,황산면,1,1,0
4682041000,2025-10-31,전라남도,해남군,산이면,4,1,3
4682042000,2025-10-31,전라남도,해남군,문내면,0,0,0
4682043000,2025-10-31,전라남도,해남군,화원면,0,0,0
4683025000,2025-10-31,전라남도,영암군,영암읍,2,1,1
4683025300,2025-10-31,전라남도,영암군,삼호읍,5,2,3
4683025400,2025-10-31,전라남도,영암군,삼호읍서부출장소,3,1,2
4683031000,2025-10-31,전라남도,영암군,덕진면,0,0,0
4683032000,2025-10-31,전라남도,영암군,금정면,0,0,0
4683033000,2025-10-31,전라남도,영암군,신북면,0,0,0
4683034000,2025-10-31,전라남도,영암군,시종면,2,1,1
4683035000,2025-10-31,전라남도,영암군,도포면,0,0,0
4683036000,2025-10-31,전라남도,영암군,군서면,0,0,0
4683037000,2025-10-31,전라남도,영암군,서호면,0,0,0
4683038000,2025-10-31,전라남도,영암군,학산면,0,0,0
4683039000,2025-10-31,전라남도,영암군,미암면,0,0,0
4684025000,2025-10-31,전라남도,무안군,무안읍,3,1,2
4684025300,2025-10-31,전라남도,무안군,일로읍,28,14,14
4684025600,2025-10-31,전라남도,무안군,삼향읍,3,1,2
4684025800,2025-10-31,전라남도,무안군,삼향읍남악출장소,17,6,11
4684032000,2025-10-31,전라남도,무안군,몽탄면,0,0,0
4684033000,2025-10-31,전라남도,무안군,청계면,0,0,0
4684034000,2025-10-31,전라남도,무안군,현경면,0,0,0
4684035000,2025-10-31,전라남도,무안군,망운면,0,0,0
4684036000,2025-10-31,전라남도,무안군,해제면,1,1,0
4684037000,2025-10-31,전라남도,무안군,운남면,0,0,0
4686025000,2025-10-31,전라남도,함평군,함평읍,8,3,5
4686031000,2025-10-31,전라남도,함평군,손불면,0,0,0
4686032000,2025-10-31,전라남도,함평군,신광면,0,0,0
4686033000,2025-10-31,전라남도,함평군,학교면,0,0,0
4686034000,2025-10-31,전라남도,함평군,엄다면,0,0,0
4686035000,2025-10-31,전라남도,함평군,대동면,1,1,0
4686036000,2025-10-31,전라남도,함평군,나산면,0,0,0
4686037000,2025-10-31,전라남도,함평군,해보면,0,0,0
4686038000,2025-10-31,전라남도,함평군,월야면,1,1,0
4687025000,2025-10-31,전라남도,영광군,영광읍,17,6,11
4687025300,2025-10-31,전라남도,영광군,백수읍,1,1,0
4687025600,2025-10-31,전라남도,영광군,홍농읍,9,3,6
4687031000,2025-10-31,전라남도,영광군,대마면,1,1,0
4687032000,2025-10-31,전라남도,영광군,묘량면,3,2,1
4687033000,2025-10-31,전라남도,영광군,불갑면,6,2,4
4687034000,2025-10-31,전라남도,영광군,군서면,3,1,2
4687035000,2025-10-31,전라남도,영광군,군남면,1,0,1
4687036000,2025-10-31,전라남도,영광군,염산면,1,1,0
4687037000,2025-10-31,전라남도,영광군,법성면,3,3,0
4687038000,2025-10-31,전라남도,영광군,낙월면,0,0,0
4687038500,2025-10-31,전라남도,영광군,낙월면안마출장소,0,0,0
4688025000,2025-10-31,전라남도,장성군,장성읍,8,3,5
4688031000,2025-10-31,전라남도,장성군,진원면,1,1,0
4688032000,2025-10-31,전라남도,장성군,남면,2,2,0
4688033000,2025-10-31,전라남도,장성군,동화면,1,0,1
4688034000,2025-10-31,전라남도,장성군,삼서면,1,0,1
4688035000,2025-10-31,전라남도,장성군,삼계면,3,0,3
4688036000,2025-10-31,전라남도,장성군,황룡면,2,1,1
4688037000,2025-10-31,전라남도,장성군,서삼면,1,1,0
4688038000,2025-10-31,전라남도,장성군,북일면,3,2,1
4688039000,2025-10-31,전라남도,장성군,북이면,1,1,0
4688040000,2025-10-31,전라남도,장성군,북하면,0,0,0
4689025000,2025-10-31,전라남도,완도군,완도읍,9,6,3
4689025300,2025-10-31,전라남도,완도군,금일읍,1,0,1
4689025600,2025-10-31,전라남도,완도군,노화읍,0,0,0
4689029000,2025-10-31,전라남도,완도군,노화읍넙도출장소,1,0,1
4689031000,2025-10-31,전라남도,완도군,군외면,0,0,0
4689032000,2025-10-31,전라남도,완도군,신지면,1,1,0
4689033000,2025-10-31,전라남도,완도군,고금면,2,2,0
4689034000,2025-10-31,전라남도,완도군,약산면,1,1,0
4689035000,2025-10-31,전라남도,완도군,청산면,0,0,0
4689035500,2025-10-31,전라남도,완도군,청산면모도출장소,0,0,0
4689036000,2025-10-31,전라남도,완도군,소안면,0,0,0
4689037000,2025-10-31,전라남도,완도군,금당면,1,1,0
4689038000,2025-10-31,전라남도,완도군,보길면,1,1,0
4689039000,2025-10-31,전라남도,완도군,생일면,0,0,0
4690025000,2025-10-31,전라남도,진도군,진도읍,7,3,4
4690031000,2025-10-31,전라남도,진도군,군내면,1,1,0
4690032000,2025-10-31,전라남도,진도군,고군면,0,0,0
4690033000,2025-10-31,전라남도,진도군,의신면,0,0,0
4690034000,2025-10-31,전라남도,진도군,임회면,0,0,0
4690035000,2025-10-31,전라남도,진도군,지산면,0,0,0
4690036000,2025-10-31,전라남도,진도군,조도면,0,0,0
4690036500,2025-10-31,전라남도,진도군,조도면가사출장소,0,0,0
4690036600,2025-10-31,전라남도,진도군,조도면거차출장소,0,0,0
4691025000,2025-10-31,전라남도,신안군,지도읍,1,0,1
4691025100,2025-10-31,전라남도,신안군,지도읍선도출장소,0,0,0
4691025300,2025-10-31,전라남도,신안군,압해읍,0,0,0
4691025400,2025-10-31,전라남도,신안군,압해읍매화출장소,0,0,0
4691025500,2025-10-31,전라남도,신안군,압해읍고이도출장소,0,0,0
4691031000,2025-10-31,전라남도,신안군,증도면,0,0,0
4691031500,2025-10-31,전라남도,신안군,증도면병풍출장소,0,0,0
4691032000,2025-10-31,전라남도,신안군,임자면,2,1,1
4691033000,2025-10-31,전라남도,신안군,자은면,0,0,0
4691034000,2025-10-31,전라남도,신안군,비금면,0,0,0
4691034500,2025-10-31,전라남도,신안군,비금면수치도출장소,0,0,0
4691035000,2025-10-31,전라남도,신안군,도초면,0,0,0
4691035500,2025-10-31,전라남도,신안군,도초면우이도출장소,1,1,0
4691036000,2025-10-31,전라남도,신안군,흑산면,0,0,0
4691036500,2025-10-31,전라남도,신안군,흑산면가거도출장소,0,0,0
4691036600,2025-10-31,전라남도,신안군,흑산면태도출장소,0,0,0
4691036700,2025-10-31,전라남도,신안군,흑산면홍도출장소,0,0,0
4691036800,2025-10-31,전라남도,신안군,흑산면대둔도출장소,0,0,0
4691037000,2025-10-31,전라남도,신안군,하의면,0,0,0
4691038000,2025-10-31,전라남도,신안군,신의면,0,0,0
4691039000,2025-10-31,전라남도,신안군,장산면,1,1,0
4691040000,2025-10-31,전라남도,신안군,안좌면,1,1,0
4691041000,2025-10-31,전라남도,신안군,팔금면,0,0,0
4691042000,2025-10-31,전라남도,신안군,암태면,0,0,0
4711125000,2025-10-31,경상북도,포항시 남구,구룡포읍,1,1,0
4711125300,2025-10-31,경상북도,포항시 남구,연일읍,5,4,1
4711125600,2025-10-31,경상북도,포항시 남구,오천읍,27,12,15
4711131000,2025-10-31,경상북도,포항시 남구,대송면,0,0,0
4711132000,2025-10-31,경상북도,포항시 남구,동해면,2,1,1
4711133000,2025-10-31,경상북도,포항시 남구,장기면,0,0,0
4711135000,2025-10-31,경상북도,포항시 남구,호미곶면,0,0,0
4711152500,2025-10-31,경상북도,포항시 남구,상대동,4,3,1
4711154500,2025-10-31,경상북도,포항시 남구,해도동,2,1,1
4711155000,2025-10-31,경상북도,포항시 남구,송도동,2,1,1
4711156000,2025-10-31,경상북도,포항시 남구,청림동,1,1,0
4711157000,2025-10-31,경상북도,포항시 남구,제철동,0,0,0
4711158000,2025-10-31,경상북도,포항시 남구,효곡동,9,6,3
4711159000,2025-10-31,경상북도,포항시 남구,대이동,15,5,10
4711325000,2025-10-31,경상북도,포항시 북구,흥해읍,75,42,33
4711331000,2025-10-31,경상북도,포항시 북구,신광면,0,0,0
4711332000,2025-10-31,경상북도,포항시 북구,청하면,0,0,0
4711333000,2025-10-31,경상북도,포항시 북구,송라면,0,0,0
4711334000,2025-10-31,경상북도,포항시 북구,기계면,0,0,0
4711335000,2025-10-31,경상북도,포항시 북구,죽장면,0,0,0
4711335500,2025-10-31,경상북도,포항시 북구,죽장면상옥출장소,0,0,0
4711336000,2025-10-31,경상북도,포항시 북구,기북면,0,0,0
4711352000,2025-10-31,경상북도,포항시 북구,중앙동,2,0,2
4711363000,2025-10-31,경상북도,포항시 북구,양학동,4,4,0
4711365500,2025-10-31,경상북도,포항시 북구,죽도동,1,1,0
4711366500,2025-10-31,경상북도,포항시 북구,용흥동,4,3,1
4711368000,2025-10-31,경상북도,포항시 북구,우창동,14,9,5
4711369000,2025-10-31,경상북도,포항시 북구,두호동,13,8,5
4711370000,2025-10-31,경상북도,포항시 북구,장량동,25,13,12
4711371000,2025-10-31,경상북도,포항시 북구,환여동,4,1,3
4713025000,2025-10-31,경상북도,경주시,감포읍,1,1,0
4713025300,2025-10-31,경상북도,경주시,안강읍,5,2,3
4713025600,2025-10-31,경상북도,경주시,건천읍,7,6,1
4713025900,2025-10-31,경상북도,경주시,외동읍,10,5,5
4713031500,2025-10-31,경상북도,경주시,문무대왕면,3,2,1
4713032000,2025-10-31,경상북도,경주시,양남면,2,1,1
4713033000,2025-10-31,경상북도,경주시,내남면,2,1,1
4713034000,2025-10-31,경상북도,경주시,산내면,0,0,0
4713035000,2025-10-31,경상북도,경주시,서면,0,0,0
4713036000,2025-10-31,경상북도,경주시,현곡면,12,6,6
4713037000,2025-10-31,경상북도,경주시,강동면,2,1,1
4713038000,2025-10-31,경상북도,경주시,천북면,0,0,0
4713053000,2025-10-31,경상북도,경주시,황오동,1,0,1
4713055000,2025-10-31,경상북도,경주시,성건동,1,1,0
4713057000,2025-10-31,경상북도,경주시,황남동,0,0,0
4713059000,2025-10-31,경상북도,경주시,선도동,4,2,2
4713060500,2025-10-31,경상북도,경주시,월성동,1,1,0
4713061500,2025-10-31,경상북도,경주시,용강동,16,8,8
4713062100,2025-10-31,경상북도,경주시,황성동,9,4,5
4713063000,2025-10-31,경상북도,경주시,동천동,3,1,2
4713065000,2025-10-31,경상북도,경주시,불국동,3,2,1
4713066000,2025-10-31,경상북도,경주시,보덕동,0,0,0
4715025000,2025-10-31,경상북도,김천시,아포읍,3,2,1
4715031000,2025-10-31,경상북도,김천시,농소면,0,0,0
4715032000,2025-10-31,경상북도,김천시,남면,1,0,1
4715034000,2025-10-31,경상북도,김천시,개령면,1,0,1
4715035000,2025-10-31,경상북도,김천시,감문면,0,0,0
4715036000,2025-10-31,경상북도,김천시,어모면,0,0,0
4715037000,2025-10-31,경상북도,김천시,봉산면,0,0,0
4715038000,2025-10-31,경상북도,김천시,대항면,2,2,0
4715039000,2025-10-31,경상북도,김천시,감천면,0,0,0
4715040000,2025-10-31,경상북도,김천시,조마면,0,0,0
4715041000,2025-10-31,경상북도,김천시,구성면,0,0,0
4715042000,2025-10-31,경상북도,김천시,지례면,0,0,0
4715043000,2025-10-31,경상북도,김천시,부항면,0,0,0
4715044000,2025-10-31,경상북도,김천시,대덕면,2,1,1
4715045000,2025-10-31,경상북도,김천시,증산면,0,0,0
4715051600,2025-10-31,경상북도,김천시,자산동,2,0,2
4715053600,2025-10-31,경상북도,김천시,평화남산동,2,1,1
4715056500,2025-10-31,경상북도,김천시,양금동,2,2,0
4715057500,2025-10-31,경상북도,김천시,대신동,5,4,1
4715059500,2025-10-31,경상북도,김천시,대곡동,10,5,5
4715061000,2025-10-31,경상북도,김천시,지좌동,3,1,2
4715064000,2025-10-31,경상북도,김천시,율곡동,14,10,4
4717025000,2025-10-31,경상북도,안동시,풍산읍,5,1,4
4717031000,2025-10-31,경상북도,안동시,와룡면,0,0,0
4717032000,2025-10-31,경상북도,안동시,북후면,0,0,0
4717033000,2025-10-31,경상북도,안동시,서후면,2,2,0
4717034000,2025-10-31,경상북도,안동시,풍천면,5,2,3
4717035000,2025-10-31,경상북도,안동시,일직면,0,0,0
4717036000,2025-10-31,경상북도,안동시,남후면,0,0,0
4717037000,2025-10-31,경상북도,안동시,남선면,0,0,0
4717038000,2025-10-31,경상북도,안동시,임하면,0,0,0
4717039000,2025-10-31,경상북도,안동시,길안면,0,0,0
4717040000,2025-10-31,경상북도,안동시,임동면,2,1,1
4717041000,2025-10-31,경상북도,안동시,예안면,0,0,0
4717042000,2025-10-31,경상북도,안동시,도산면,0,0,0
4717043000,2025-10-31,경상북도,안동시,녹전면,0,0,0
4717051000,2025-10-31,경상북도,안동시,중구동,0,0,0
4717052000,2025-10-31,경상북도,안동시,명륜동,1,0,1
4717055500,2025-10-31,경상북도,안동시,용상동,14,7,7
4717058500,2025-10-31,경상북도,안동시,서구동,0,0,0
4717060000,2025-10-31,경상북도,안동시,태화동,6,3,3
4717062000,2025-10-31,경상북도,안동시,평화동,0,0,0
4717063000,2025-10-31,경상북도,안동시,안기동,0,0,0
4717065000,2025-10-31,경상북도,안동시,옥동,3,2,1
4717066000,2025-10-31,경상북도,안동시,송하동,6,4,2
4717069000,2025-10-31,경상북도,안동시,강남동,3,2,1
4719025000,2025-10-31,경상북도,구미시,선산읍,2,1,1
4719025300,2025-10-31,경상북도,구미시,고아읍,23,10,13
4719025600,2025-10-31,경상북도,구미시,산동읍,30,13,17
4719031000,2025-10-31,경상북도,구미시,무을면,0,0,0
4719032000,2025-10-31,경상북도,구미시,옥성면,1,1,0
4719033000,2025-10-31,경상북도,구미시,도개면,0,0,0
4719034000,2025-10-31,경상북도,구미시,해평면,0,0,0
4719036000,2025-10-31,경상북도,구미시,장천면,0,0,0
4719051000,2025-10-31,경상북도,구미시,송정동,7,2,5
4719053500,2025-10-31,경상북도,구미시,원평동,3,1,2
4719055100,2025-10-31,경상북도,구미시,도량동,5,1,4
4719055500,2025-10-31,경상북도,구미시,지산동,0,0,0
4719056500,2025-10-31,경상북도,구미시,선주원남동,8,4,4
4719058200,2025-10-31,경상북도,구미시,형곡1동,1,0,1
4719058300,2025-10-31,경상북도,구미시,형곡2동,1,1,0
4719059000,2025-10-31,경상북도,구미시,신평1동,2,2,0
4719060000,2025-10-31,경상북도,구미시,신평2동,5,3,2
4719061000,2025-10-31,경상북도,구미시,비산동,9,5,4
4719063000,2025-10-31,경상북도,구미시,광평동,0,0,0
4719064500,2025-10-31,경상북도,구미시,상모사곡동,1,1,0
4719066000,2025-10-31,경상북도,구미시,임오동,2,0,2
4719067000,2025-10-31,경상북도,구미시,인동동,15,9,6
4719068000,2025-10-31,경상북도,구미시,진미동,5,4,1
4719069000,2025-10-31,경상북도,구미시,양포동,32,19,13
4719070000,2025-10-31,경상북도,구미시,공단동,2,2,0
4721025000,2025-10-31,경상북도,영주시,풍기읍,0,0,0
4721031000,2025-10-31,경상북도,영주시,이산면,0,0,0
4721032000,2025-10-31,경상북도,영주시,평은면,1,0,1
4721033000,2025-10-31,경상북도,영주시,문수면,0,0,0
4721034000,2025-10-31,경상북도,영주시,장수면,1,0,1
4721035000,2025-10-31,경상북도,영주시,안정면,0,0,0
4721036000,2025-10-31,경상북도,영주시,봉현면,1,0,1
4721037000,2025-10-31,경상북도,영주시,순흥면,0,0,0
4721038000,2025-10-31,경상북도,영주시,단산면,1,1,0
4721039000,2025-10-31,경상북도,영주시,부석면,2,2,0
4721051000,2025-10-31,경상북도,영주시,상망동,1,1,0
4721052500,2025-10-31,경상북도,영주시,하망동,0,0,0
4721055000,2025-10-31,경상북도,영주시,영주1동,0,0,0
4721056000,2025-10-31,경상북도,영주시,영주2동,0,0,0
4721059000,2025-10-31,경상북도,영주시,휴천1동,1,1,0
4721060000,2025-10-31,경상북도,영주시,휴천2동,2,2,0
4721061000,2025-10-31,경상북도,영주시,휴천3동,2,0,2
4721062000,2025-10-31,경상북도,영주시,가흥1동,9,5,4
4721063000,2025-10-31,경상북도,영주시,가흥2동,6,1,5
4723025000,2025-10-31,경상북도,영천시,금호읍,4,2,2
4723031000,2025-10-31,경상북도,영천시,청통면,1,1,0
4723032000,2025-10-31,경상북도,영천시,신녕면,2,1,1
4723033000,2025-10-31,경상북도,영천시,화산면,1,1,0
4723034000,2025-10-31,경상북도,영천시,화북면,1,1,0
4723035000,2025-10-31,경상북도,영천시,화남면,1,0,1
4723036000,2025-10-31,경상북도,영천시,자양면,0,0,0
4723037000,2025-10-31,경상북도,영천시,임고면,2,1,1
4723038000,2025-10-31,경상북도,영천시,고경면,1,1,0
4723039000,2025-10-31,경상북도,영천시,북안면,0,0,0
4723040000,2025-10-31,경상북도,영천시,대창면,1,1,0
4723051000,2025-10-31,경상북도,영천시,동부동,15,8,7
4723052000,2025-10-31,경상북도,영천시,중앙동,2,1,1
4723053500,2025-10-31,경상북도,영천시,서부동,0,0,0
4723054000,2025-10-31,경상북도,영천시,완산동,7,2,5
4723055500,2025-10-31,경상북도,영천시,남부동,0,0,0
4725025000,2025-10-31,경상북도,상주시,함창읍,0,0,0
4725031000,2025-10-31,경상북도,상주시,중동면,0,0,0
4725032500,2025-10-31,경상북도,상주시,사벌국면,0,0,0
4725033000,2025-10-31,경상북도,상주시,낙동면,2,1,1
4725033500,2025-10-31,경상북도,상주시,낙동면동부출장소,1,1,0
4725034000,2025-10-31,경상북도,상주시,청리면,0,0,0
4725035000,2025-10-31,경상북도,상주시,공성면,1,0,1
4725036000,2025-10-31,경상북도,상주시,외남면,0,0,0
4725037000,2025-10-31,경상북도,상주시,내서면,0,0,0
4725038000,2025-10-31,경상북도,상주시,모동면,0,0,0
4725039000,2025-10-31,경상북도,상주시,모서면,0,0,0
4725039500,2025-10-31,경상북도,상주시,모서면서부출장소,0,0,0
4725040000,2025-10-31,경상북도,상주시,화동면,0,0,0
4725041000,2025-10-31,경상북도,상주시,화서면,0,0,0
4725042000,2025-10-31,경상북도,상주시,화북면,0,0,0
4725042600,2025-10-31,경상북도,상주시,화북면서부출장소,0,0,0
4725043000,2025-10-31,경상북도,상주시,외서면,1,1,0
4725044000,2025-10-31,경상북도,상주시,은척면,0,0,0
4725044500,2025-10-31,경상북도,상주시,은척면북부출장소,0,0,0
4725045000,2025-10-31,경상북도,상주시,공검면,0,0,0
4725046000,2025-10-31,경상북도,상주시,이안면,1,0,1
4725047000,2025-10-31,경상북도,상주시,화남면,0,0,0
4725052000,2025-10-31,경상북도,상주시,남원동,6,4,2
4725053000,2025-10-31,경상북도,상주시,북문동,2,1,1
4725054000,2025-10-31,경상북도,상주시,계림동,10,2,8
4725055000,2025-10-31,경상북도,상주시,동문동,3,3,0
4725056000,2025-10-31,경상북도,상주시,동성동,0,0,0
4725057000,2025-10-31,경상북도,상주시,신흥동,4,2,2
4728025000,2025-10-31,경상북도,문경시,문경읍,1,1,0
4728025100,2025-10-31,경상북도,문경시,문경읍갈평출장소,1,0,1
4728025300,2025-10-31,경상북도,문경시,가은읍,0,0,0
4728025400,2025-10-31,경상북도,문경시,가은읍북부출장소,1,0,1
4728031000,2025-10-31,경상북도,문경시,영순면,2,0,2
4728032000,2025-10-31,경상북도,문경시,산양면,0,0,0
4728033000,2025-10-31,경상북도,문경시,호계면,1,1,0
4728034000,2025-10-31,경상북도,문경시,산북면,0,0,0
4728035000,2025-10-31,경상북도,문경시,동로면,0,0,0
4728036000,2025-10-31,경상북도,문경시,마성면,2,2,0
4728037000,2025-10-31,경상북도,문경시,농암면,2,0,2
4728057000,2025-10-31,경상북도,문경시,점촌1동,1,0,1
4728058000,2025-10-31,경상북도,문경시,점촌2동,4,1,3
4728059000,2025-10-31,경상북도,문경시,점촌3동,3,1,2
4728060000,2025-10-31,경상북도,문경시,점촌4동,0,0,0
4728061000,2025-10-31,경상북도,문경시,점촌5동,9,5,4
4729025000,2025-10-31,경상북도,경산시,하양읍,24,12,12
4729025300,2025-10-31,경상북도,경산시,진량읍,9,5,4
4729025600,2025-10-31,경상북도,경산시,압량읍,12,6,6
4729031000,2025-10-31,경상북도,경산시,와촌면,2,1,1
4729033000,2025-10-31,경상북도,경산시,자인면,0,0,0
4729034000,2025-10-31,경상북도,경산시,용성면,0,0,0
4729035000,2025-10-31,경상북도,경산시,남산면,0,0,0
4729037000,2025-10-31,경상북도,경산시,남천면,0,0,0
4729051000,2025-10-31,경상북도,경산시,중방동,6,3,3
4729052000,2025-10-31,경상북도,경산시,중앙동,2,1,1
4729053000,2025-10-31,경상북도,경산시,남부동,10,6,4
4729054100,2025-10-31,경상북도,경산시,서부1동,6,2,4
4729054200,2025-10-31,경상북도,경산시,서부2동,35,15,20
4729055000,2025-10-31,경상북도,경산시,북부동,6,5,1
4729056000,2025-10-31,경상북도,경산시,동부동,9,3,6
4773025000,2025-10-31,경상북도,의성군,의성읍,2,2,0
4773031000,2025-10-31,경상북도,의성군,단촌면,0,0,0
4773032000,2025-10-31,경상북도,의성군,점곡면,0,0,0
4773033000,2025-10-31,경상북도,의성군,옥산면,0,0,0
4773034000,2025-10-31,경상북도,의성군,사곡면,0,0,0
4773035000,2025-10-31,경상북도,의성군,춘산면,0,0,0
4773036000,2025-10-31,경상북도,의성군,가음면,1,0,1
4773037000,2025-10-31,경상북도,의성군,금성면,0,0,0
4773038000,2025-10-31,경상북도,의성군,봉양면,1,1,0
4773039000,2025-10-31,경상북도,의성군,비안면,1,0,1
4773040000,2025-10-31,경상북도,의성군,구천면,0,0,0
4773041000,2025-10-31,경상북도,의성군,단밀면,0,0,0
4773042000,2025-10-31,경상북도,의성군,단북면,1,0,1
4773043000,2025-10-31,경상북도,의성군,안계면,4,0,4
4773044000,2025-10-31,경상북도,의성군,다인면,2,1,1
4773045000,2025-10-31,경상북도,의성군,신평면,0,0,0
4773046000,2025-10-31,경상북도,의성군,안평면,0,0,0
4773047000,2025-10-31,경상북도,의성군,안사면,1,1,0
4775025000,2025-10-31,경상북도,청송군,청송읍,1,1,0
4775031500,2025-10-31,경상북도,청송군,주왕산면,0,0,0
4775032000,2025-10-31,경상북도,청송군,부남면,0,0,0
4775033000,2025-10-31,경상북도,청송군,현동면,0,0,0
4775034000,2025-10-31,경상북도,청송군,현서면,0,0,0
4775035000,2025-10-31,경상북도,청송군,안덕면,0,0,0
4775036000,2025-10-31,경상북도,청송군,파천면,1,1,0
4775037000,2025-10-31,경상북도,청송군,진보면,1,1,0
4776025000,2025-10-31,경상북도,영양군,영양읍,2,1,1
4776031000,2025-10-31,경상북도,영양군,입암면,0,0,0
4776032000,2025-10-31,경상북도,영양군,청기면,0,0,0
4776033000,2025-10-31,경상북도,영양군,일월면,0,0,0
4776034000,2025-10-31,경상북도,영양군,수비면,0,0,0
4776035000,2025-10-31,경상북도,영양군,석보면,0,0,0
4777025000,2025-10-31,경상북도,영덕군,영덕읍,6,3,3
4777031000,2025-10-31,경상북도,영덕군,강구면,1,0,1
4777032000,2025-10-31,경상북도,영덕군,남정면,0,0,0
4777033000,2025-10-31,경상북도,영덕군,달산면,1,0,1
4777034000,2025-10-31,경상북도,영덕군,지품면,0,0,0
4777034500,2025-10-31,경상북도,영덕군,지품면원전출장소,0,0,0
4777035000,2025-10-31,경상북도,영덕군,축산면,0,0,0
4777035500,2025-10-31,경상북도,영덕군,축산면축산출장소,0,0,0
4777036000,2025-10-31,경상북도,영덕군,영해면,1,1,0
4777037000,2025-10-31,경상북도,영덕군,병곡면,0,0,0
4777038000,2025-10-31,경상북도,영덕군,창수면,0,0,0
4782025000,2025-10-31,경상북도,청도군,화양읍,0,0,0
4782025100,2025-10-31,경상북도,청도군,화양읍남성현출장소,0,0,0
4782025300,2025-10-31,경상북도,청도군,청도읍,0,0,0
4782025400,2025-10-31,경상북도,청도군,청도읍유호출장소,0,0,0
4782031000,2025-10-31,경상북도,청도군,각남면,0,0,0
4782032000,2025-10-31,경상북도,청도군,풍각면,1,1,0
4782033000,2025-10-31,경상북도,청도군,각북면,0,0,0
4782034000,2025-10-31,경상북도,청도군,이서면,1,0,1
4782035000,2025-10-31,경상북도,청도군,운문면,0,0,0
4782036000,2025-10-31,경상북도,청도군,금천면,0,0,0
4782037000,2025-10-31,경상북도,청도군,매전면,1,1,0
4783025300,2025-10-31,경상북도,고령군,대가야읍,2,2,0
4783031000,2025-10-31,경상북도,고령군,덕곡면,1,1,0
4783032000,2025-10-31,경상북도,고령군,운수면,2,2,0
4783033000,2025-10-31,경상북도,고령군,성산면,0,0,0
4783034000,2025-10-31,경상북도,고령군,다산면,0,0,0
4783035000,2025-10-31,경상북도,고령군,개진면,1,1,0
4783036000,2025-10-31,경상북도,고령군,우곡면,0,0,0
4783037000,2025-10-31,경상북도,고령군,쌍림면,0,0,0
4784025000,2025-10-31,경상북도,성주군,성주읍,9,3,6
4784031000,2025-10-31,경상북도,성주군,선남면,0,0,0
4784032000,2025-10-31,경상북도,성주군,용암면,2,0,2
4784033000,2025-10-31,경상북도,성주군,수륜면,1,1,0
4784034000,2025-10-31,경상북도,성주군,가천면,0,0,0
4784035500,2025-10-31,경상북도,성주군,금수강산면,0,0,0
4784036000,2025-10-31,경상북도,성주군,대가면,0,0,0
4784037000,2025-10-31,경상북도,성주군,벽진면,1,0,1
4784038000,2025-10-31,경상북도,성주군,초전면,1,0,1
4784039000,2025-10-31,경상북도,성주군,월항면,0,0,0
4785025000,2025-10-31,경상북도,칠곡군,왜관읍,5,0,5
4785025300,2025-10-31,경상북도,칠곡군,북삼읍,2,1,1
4785025600,2025-10-31,경상북도,칠곡군,석적읍,10,3,7
4785031000,2025-10-31,경상북도,칠곡군,지천면,0,0,0
4785032000,2025-10-31,경상북도,칠곡군,동명면,2,1,1
4785033000,2025-10-31,경상북도,칠곡군,가산면,0,0,0
4785036000,2025-10-31,경상북도,칠곡군,약목면,1,1,0
4785037000,2025-10-31,경상북도,칠곡군,기산면,0,0,0
4790025000,2025-10-31,경상북도,예천군,예천읍,0,0,0
4790025300,2025-10-31,경상북도,예천군,호명읍,17,8,9
4790031000,2025-10-31,경상북도,예천군,용문면,0,0,0
4790034000,2025-10-31,경상북도,예천군,감천면,0,0,0
4790035000,2025-10-31,경상북도,예천군,보문면,0,0,0
4790037000,2025-10-31,경상북도,예천군,유천면,2,2,0
4790038000,2025-10-31,경상북도,예천군,용궁면,0,0,0
4790039000,2025-10-31,경상북도,예천군,개포면,1,1,0
4790040000,2025-10-31,경상북도,예천군,지보면,1,1,0
4790041000,2025-10-31,경상북도,예천군,풍양면,0,0,0
4790042000,2025-10-31,경상북도,예천군,효자면,0,0,0
4790043000,2025-10-31,경상북도,예천군,은풍면,0,0,0
4792025000,2025-10-31,경상북도,봉화군,봉화읍,0,0,0
4792031000,2025-10-31,경상북도,봉화군,물야면,0,0,0
4792032000,2025-10-31,경상북도,봉화군,봉성면,0,0,0
4792033000,2025-10-31,경상북도,봉화군,법전면,0,0,0
4792034000,2025-10-31,경상북도,봉화군,춘양면,1,0,1
4792035000,2025-10-31,경상북도,봉화군,소천면,0,0,0
4792036000,2025-10-31,경상북도,봉화군,재산면,0,0,0
4792037000,2025-10-31,경상북도,봉화군,명호면,0,0,0
4792038000,2025-10-31,경상북도,봉화군,상운면,0,0,0
4792039000,2025-10-31,경상북도,봉화군,석포면,0,0,0
4793025000,2025-10-31,경상북도,울진군,울진읍,4,3,1
4793025300,2025-10-31,경상북도,울진군,평해읍,0,0,0
4793031000,2025-10-31,경상북도,울진군,북면,3,1,2
4793031500,2025-10-31,경상북도,울진군,북면하당출장소,0,0,0
4793033000,2025-10-31,경상북도,울진군,근남면,2,2,0
4793035000,2025-10-31,경상북도,울진군,기성면,0,0,0
4793036000,2025-10-31,경상북도,울진군,온정면,0,0,0
4793037000,2025-10-31,경상북도,울진군,죽변면,1,0,1
4793038000,2025-10-31,경상북도,울진군,후포면,4,3,1
4793039000,2025-10-31,경상북도,울진군,금강송면,0,0,0
4793040000,2025-10-31,경상북도,울진군,매화면,0,0,0
4794025000,2025-10-31,경상북도,울릉군,울릉읍,2,1,1
4794031000,2025-10-31,경상북도,울릉군,서면,0,0,0
4794031500,2025-10-31,경상북도,울릉군,서면태하출장소,0,0,0
4794032000,2025-10-31,경상북도,울릉군,북면,0,0,0
4812125000,2025-10-31,경상남도,창원시 의창구,동읍,8,6,2
4812131000,2025-10-31,경상남도,창원시 의창구,북면,32,20,12
4812132000,2025-10-31,경상남도,창원시 의창구,대산면,3,2,1
4812151000,2025-10-31,경상남도,창원시 의창구,의창동,18,10,8
4812152000,2025-10-31,경상남도,창원시 의창구,팔룡동,10,7,3
4812153000,2025-10-31,경상남도,창원시 의창구,명곡동,20,9,11
4812154000,2025-10-31,경상남도,창원시 의창구,봉림동,5,0,5
4812351000,2025-10-31,경상남도,창원시 성산구,반송동,6,3,3
4812351500,2025-10-31,경상남도,창원시 성산구,용지동,13,12,1
4812352000,2025-10-31,경상남도,창원시 성산구,중앙동,36,14,22
4812353000,2025-10-31,경상남도,창원시 성산구,상남동,11,5,6
4812354000,2025-10-31,경상남도,창원시 성산구,사파동,21,11,10
4812355000,2025-10-31,경상남도,창원시 성산구,가음정동,19,9,10
4812356000,2025-10-31,경상남도,창원시 성산구,성주동,17,9,8
4812357000,2025-10-31,경상남도,창원시 성산구,웅남동,0,0,0
4812531000,2025-10-31,경상남도,창원시 마산합포구,구산면,2,2,0
4812532000,2025-10-31,경상남도,창원시 마산합포구,진동면,2,1,1
4812533000,2025-10-31,경상남도,창원시 마산합포구,진북면,1,1,0
4812534000,2025-10-31,경상남도,창원시 마산합포구,진전면,1,1,0
4812551000,2025-10-31,경상남도,창원시 마산합포구,현동,9,5,4
4812552000,2025-10-31,경상남도,창원시 마산합포구,가포동,9,6,3
4812553000,2025-10-31,경상남도,창원시 마산합포구,월영동,24,12,12
4812554000,2025-10-31,경상남도,창원시 마산합포구,문화동,2,0,2
4812556500,2025-10-31,경상남도,창원시 마산합포구,반월중앙동,0,0,0
4812557000,2025-10-31,경상남도,창원시 마산합포구,완월동,1,0,1
4812558000,2025-10-31,경상남도,창원시 마산합포구,자산동,3,2,1
4812561000,2025-10-31,경상남도,창원시 마산합포구,교방동,15,7,8
4812563000,2025-10-31,경상남도,창원시 마산합포구,오동동,6,1,5
4812564000,2025-10-31,경상남도,창원시 마산합포구,합포동,1,1,0
4812565000,2025-10-31,경상남도,창원시 마산합포구,산호동,3,2,1
4812725000,2025-10-31,경상남도,창원시 마산회원구,내서읍,10,6,4
4812751000,2025-10-31,경상남도,창원시 마산회원구,회원1동,2,1,1
4812752000,2025-10-31,경상남도,창원시 마산회원구,회원2동,6,4,2
4812754500,2025-10-31,경상남도,창원시 마산회원구,석전동,6,3,3
4812755000,2025-10-31,경상남도,창원시 마산회원구,회성동,0,0,0
4812756000,2025-10-31,경상남도,창원시 마산회원구,양덕1동,1,1,0
4812757000,2025-10-31,경상남도,창원시 마산회원구,양덕2동,21,11,10
4812758000,2025-10-31,경상남도,창원시 마산회원구,합성1동,3,0,3
4812759000,2025-10-31,경상남도,창원시 마산회원구,합성2동,4,3,1
4812760000,2025-10-31,경상남도,창원시 마산회원구,구암1동,1,1,0
4812761000,2025-10-31,경상남도,창원시 마산회원구,구암2동,3,1,2
4812762000,2025-10-31,경상남도,창원시 마산회원구,봉암동,0,0,0
4812953000,2025-10-31,경상남도,창원시 진해구,충무동,7,4,3
4812954000,2025-10-31,경상남도,창원시 진해구,여좌동,2,1,1
4812955000,2025-10-31,경상남도,창원시 진해구,태백동,1,1,0
4812956000,2025-10-31,경상남도,창원시 진해구,경화동,2,0,2
4812957000,2025-10-31,경상남도,창원시 진해구,병암동,1,0,1
4812958000,2025-10-31,경상남도,창원시 진해구,석동,7,4,3
4812959000,2025-10-31,경상남도,창원시 진해구,이동,3,2,1
4812960000,2025-10-31,경상남도,창원시 진해구,자은동,8,3,5
4812961000,2025-10-31,경상남도,창원시 진해구,덕산동,3,2,1
4812962000,2025-10-31,경상남도,창원시 진해구,풍호동,6,4,2
4812963000,2025-10-31,경상남도,창원시 진해구,웅천동,6,2,4
4812964000,2025-10-31,경상남도,창원시 진해구,웅동1동,8,3,5
4812965000,2025-10-31,경상남도,창원시 진해구,웅동2동,21,12,9
4817025000,2025-10-31,경상남도,진주시,문산읍,3,2,1
4817031000,2025-10-31,경상남도,진주시,내동면,2,2,0
4817032000,2025-10-31,경상남도,진주시,정촌면,9,5,4
4817033000,2025-10-31,경상남도,진주시,금곡면,1,1,0
4817035000,2025-10-31,경상남도,진주시,진성면,1,0,1
4817036000,2025-10-31,경상남도,진주시,일반성면,0,0,0
4817037000,2025-10-31,경상남도,진주시,이반성면,0,0,0
4817038000,2025-10-31,경상남도,진주시,사봉면,0,0,0
4817039000,2025-10-31,경상남도,진주시,지수면,0,0,0
4817040000,2025-10-31,경상남도,진주시,대곡면,0,0,0
4817041000,2025-10-31,경상남도,진주시,금산면,13,7,6
4817042000,2025-10-31,경상남도,진주시,집현면,0,0,0
4817043000,2025-10-31,경상남도,진주시,미천면,0,0,0
4817044000,2025-10-31,경상남도,진주시,명석면,1,1,0
4817045000,2025-10-31,경상남도,진주시,대평면,0,0,0
4817046000,2025-10-31,경상남도,진주시,수곡면,0,0,0
4817051500,2025-10-31,경상남도,진주시,천전동,11,6,5
4817055500,2025-10-31,경상남도,진주시,성북동,3,2,1
4817056500,2025-10-31,경상남도,진주시,중앙동,2,0,2
4817059500,2025-10-31,경상남도,진주시,상봉동,3,2,1
4817067300,2025-10-31,경상남도,진주시,상대동,1,0,1
4817067800,2025-10-31,경상남도,진주시,하대동,4,3,1
4817068000,2025-10-31,경상남도,진주시,상평동,1,0,1
4817069500,2025-10-31,경상남도,진주시,초장동,18,8,10
4817071000,2025-10-31,경상남도,진주시,평거동,9,4,5
4817071500,2025-10-31,경상남도,진주시,신안동,1,0,1
4817072000,2025-10-31,경상남도,진주시,이현동,2,0,2
4817073000,2025-10-31,경상남도,진주시,판문동,6,3,3
4817074000,2025-10-31,경상남도,진주시,가호동,33,16,17
4817075000,2025-10-31,경상남도,진주시,충무공동,40,16,24
4822025000,2025-10-31,경상남도,통영시,산양읍,0,0,0
4822031000,2025-10-31,경상남도,통영시,용남면,3,2,1
4822033000,2025-10-31,경상남도,통영시,도산면,0,0,0
4822034000,2025-10-31,경상남도,통영시,광도면,15,9,6
4822035000,2025-10-31,경상남도,통영시,욕지면,0,0,0
4822036000,2025-10-31,경상남도,통영시,한산면,0,0,0
4822037000,2025-10-31,경상남도,통영시,사량면,0,0,0
4822051000,2025-10-31,경상남도,통영시,도천동,1,0,1
4822053000,2025-10-31,경상남도,통영시,명정동,0,0,0
4822055000,2025-10-31,경상남도,통영시,중앙동,0,0,0
4822059000,2025-10-31,경상남도,통영시,정량동,0,0,0
4822060000,2025-10-31,경상남도,통영시,북신동,0,0,0
4822066500,2025-10-31,경상남도,통영시,미수동,0,0,0
4822067000,2025-10-31,경상남도,통영시,봉평동,0,0,0
4822070000,2025-10-31,경상남도,통영시,무전동,3,2,1
4824025000,2025-10-31,경상남도,사천시,사천읍,6,0,6
4824031000,2025-10-31,경상남도,사천시,정동면,8,4,4
4824032000,2025-10-31,경상남도,사천시,사남면,14,7,7
4824033000,2025-10-31,경상남도,사천시,용현면,2,1,1
4824034000,2025-10-31,경상남도,사천시,축동면,0,0,0
4824035000,2025-10-31,경상남도,사천시,곤양면,0,0,0
4824036000,2025-10-31,경상남도,사천시,곤명면,0,0,0
4824037000,2025-10-31,경상남도,사천시,서포면,0,0,0
4824051000,2025-10-31,경상남도,사천시,동서동,1,0,1
4824052000,2025-10-31,경상남도,사천시,선구동,1,1,0
4824053000,2025-10-31,경상남도,사천시,동서금동,4,1,3
4824055000,2025-10-31,경상남도,사천시,벌용동,4,1,3
4824057000,2025-10-31,경상남도,사천시,향촌동,0,0,0
4824059500,2025-10-31,경상남도,사천시,남양동,0,0,0
4824089000,2025-10-31,경상남도,사천시,신수출장소,0,0,0
4825025000,2025-10-31,경상남도,김해시,진영읍,22,12,10
4825032000,2025-10-31,경상남도,김해시,주촌면,17,10,7
4825033000,2025-10-31,경상남도,김해시,진례면,1,1,0
4825034000,2025-10-31,경상남도,김해시,한림면,1,0,1
4825035000,2025-10-31,경상남도,김해시,생림면,0,0,0
4825036000,2025-10-31,경상남도,김해시,상동면,0,0,0
4825037000,2025-10-31,경상남도,김해시,대동면,1,0,1
4825051000,2025-10-31,경상남도,김해시,동상동,5,1,4
4825052000,2025-10-31,경상남도,김해시,회현동,2,1,1
4825053000,2025-10-31,경상남도,김해시,부원동,3,3,0
4825054000,2025-10-31,경상남도,김해시,내외동,24,10,14
4825055000,2025-10-31,경상남도,김해시,북부동,47,27,20
4825056500,2025-10-31,경상남도,김해시,칠산서부동,2,0,2
4825058000,2025-10-31,경상남도,김해시,활천동,9,3,6
4825059000,2025-10-31,경상남도,김해시,삼안동,14,9,5
4825060000,2025-10-31,경상남도,김해시,불암동,4,2,2
4825061000,2025-10-31,경상남도,김해시,장유1동,44,28,16
4825062000,2025-10-31,경상남도,김해시,장유2동,12,5,7
4825063000,2025-10-31,경상남도,김해시,장유3동,35,16,19
4827025000,2025-10-31,경상남도,밀양시,삼랑진읍,0,0,0
4827025100,2025-10-31,경상남도,밀양시,삼랑진임천출장소,0,0,0
4827025300,2025-10-31,경상남도,밀양시,하남읍,0,0,0
4827031000,2025-10-31,경상남도,밀양시,부북면,1,0,1
4827032000,2025-10-31,경상남도,밀양시,상동면,0,0,0
4827033000,2025-10-31,경상남도,밀양시,산외면,0,0,0
4827034000,2025-10-31,경상남도,밀양시,산내면,0,0,0
4827035000,2025-10-31,경상남도,밀양시,단장면,0,0,0
4827036000,2025-10-31,경상남도,밀양시,상남면,1,1,0
4827037000,2025-10-31,경상남도,밀양시,초동면,1,1,0
4827038000,2025-10-31,경상남도,밀양시,무안면,0,0,0
4827039000,2025-10-31,경상남도,밀양시,청도면,0,0,0
4827051000,2025-10-31,경상남도,밀양시,내일동,0,0,0
4827052000,2025-10-31,경상남도,밀양시,내이동,15,11,4
4827053000,2025-10-31,경상남도,밀양시,삼문동,3,0,3
4827054000,2025-10-31,경상남도,밀양시,가곡동,3,1,2
4827055000,2025-10-31,경상남도,밀양시,교동,0,0,0
4831031000,2025-10-31,경상남도,거제시,일운면,1,0,1
4831032000,2025-10-31,경상남도,거제시,동부면,1,1,0
4831033000,2025-10-31,경상남도,거제시,남부면,0,0,0
4831034000,2025-10-31,경상남도,거제시,거제면,0,0,0
4831035000,2025-10-31,경상남도,거제시,둔덕면,0,0,0
4831036000,2025-10-31,경상남도,거제시,사등면,5,2,3
4831036600,2025-10-31,경상남도,거제시,사등면가조출장소,0,0,0
4831037000,2025-10-31,경상남도,거제시,연초면,5,2,3
4831038000,2025-10-31,경상남도,거제시,하청면,0,0,0
4831038500,2025-10-31,경상남도,거제시,하청면칠천출장소,0,0,0
4831039000,2025-10-31,경상남도,거제시,장목면,0,0,0
4831039500,2025-10-31,경상남도,거제시,장목면외포출장소,0,0,0
4831051000,2025-10-31,경상남도,거제시,장승포동,1,1,0
4831053000,2025-10-31,경상남도,거제시,능포동,0,0,0
4831054000,2025-10-31,경상남도,거제시,아주동,12,6,6
4831055000,2025-10-31,경상남도,거제시,옥포1동,3,0,3
4831056000,2025-10-31,경상남도,거제시,옥포2동,9,3,6
4831057000,2025-10-31,경상남도,거제시,장평동,7,4,3
4831058000,2025-10-31,경상남도,거제시,고현동,25,11,14
4831059000,2025-10-31,경상남도,거제시,상문동,13,3,10
4831060000,2025-10-31,경상남도,거제시,수양동,3,2,1
4833025300,2025-10-31,경상남도,양산시,물금읍,81,36,45
4833031000,2025-10-31,경상남도,양산시,동면,65,32,33
4833032000,2025-10-31,경상남도,양산시,원동면,1,1,0
4833033000,2025-10-31,경상남도,양산시,상북면,6,2,4
4833034000,2025-10-31,경상남도,양산시,하북면,0,0,0
4833051000,2025-10-31,경상남도,양산시,중앙동,3,1,2
4833051500,2025-10-31,경상남도,양산시,양주동,2,0,2
4833052000,2025-10-31,경상남도,양산시,삼성동,7,5,2
4833053000,2025-10-31,경상남도,양산시,강서동,2,0,2
4833054000,2025-10-31,경상남도,양산시,서창동,3,1,2
4833055000,2025-10-31,경상남도,양산시,소주동,7,2,5
4833056000,2025-10-31,경상남도,양산시,평산동,3,0,3
4833057000,2025-10-31,경상남도,양산시,덕계동,15,10,5
4872025000,2025-10-31,경상남도,의령군,의령읍,4,3,1
4872031000,2025-10-31,경상남도,의령군,가례면,0,0,0
4872032000,2025-10-31,경상남도,의령군,칠곡면,0,0,0
4872033000,2025-10-31,경상남도,의령군,대의면,0,0,0
4872034000,2025-10-31,경상남도,의령군,화정면,0,0,0
4872035000,2025-10-31,경상남도,의령군,용덕면,0,0,0
4872036000,2025-10-31,경상남도,의령군,정곡면,0,0,0
4872037000,2025-10-31,경상남도,의령군,지정면,0,0,0
4872038000,2025-10-31,경상남도,의령군,낙서면,0,0,0
4872039000,2025-10-31,경상남도,의령군,부림면,0,0,0
4872040000,2025-10-31,경상남도,의령군,봉수면,0,0,0
4872041500,2025-10-31,경상남도,의령군,궁류면,0,0,0
4872042000,2025-10-31,경상남도,의령군,유곡면,0,0,0
4873025000,2025-10-31,경상남도,함안군,가야읍,1,1,0
4873025300,2025-10-31,경상남도,함안군,칠원읍,3,0,3
4873031000,2025-10-31,경상남도,함안군,함안면,0,0,0
4873032000,2025-10-31,경상남도,함안군,군북면,3,1,2
4873033000,2025-10-31,경상남도,함안군,법수면,1,1,0
4873034000,2025-10-31,경상남도,함안군,대산면,1,0,1
4873035000,2025-10-31,경상남도,함안군,칠서면,0,0,0
4873036000,2025-10-31,경상남도,함안군,칠북면,0,0,0
4873038000,2025-10-31,경상남도,함안군,산인면,0,0,0
4873039000,2025-10-31,경상남도,함안군,여항면,0,0,0
4874025000,2025-10-31,경상남도,창녕군,창녕읍,7,5,2
4874025300,2025-10-31,경상남도,창녕군,남지읍,1,1,0
4874031000,2025-10-31,경상남도,창녕군,고암면,3,2,1
4874032000,2025-10-31,경상남도,창녕군,성산면,0,0,0
4874033000,2025-10-31,경상남도,창녕군,대합면,0,0,0
4874034000,2025-10-31,경상남도,창녕군,이방면,0,0,0
4874035000,2025-10-31,경상남도,창녕군,유어면,0,0,0
4874036000,2025-10-31,경상남도,창녕군,대지면,2,0,2
4874037000,2025-10-31,경상남도,창녕군,계성면,0,0,0
4874038000,2025-10-31,경상남도,창녕군,영산면,2,2,0
4874039000,2025-10-31,경상남도,창녕군,장마면,0,0,0
4874040000,2025-10-31,경상남도,창녕군,도천면,0,0,0
4874041000,2025-10-31,경상남도,창녕군,길곡면,0,0,0
4874042000,2025-10-31,경상남도,창녕군,부곡면,1,1,0
4882025000,2025-10-31,경상남도,고성군,고성읍,4,2,2
4882031000,2025-10-31,경상남도,고성군,삼산면,0,0,0
4882032000,2025-10-31,경상남도,고성군,하일면,0,0,0
4882033000,2025-10-31,경상남도,고성군,하이면,0,0,0
4882034000,2025-10-31,경상남도,고성군,상리면,0,0,0
4882035000,2025-10-31,경상남도,고성군,대가면,0,0,0
4882036000,2025-10-31,경상남도,고성군,영현면,0,0,0
4882037000,2025-10-31,경상남도,고성군,영오면,0,0,0
4882038000,2025-10-31,경상남도,고성군,개천면,0,0,0
4882039000,2025-10-31,경상남도,고성군,구만면,0,0,0
4882040000,2025-10-31,경상남도,고성군,회화면,2,1,1
4882041000,2025-10-31,경상남도,고성군,마암면,0,0,0
4882042000,2025-10-31,경상남도,고성군,동해면,0,0,0
4882043000,2025-10-31,경상남도,고성군,거류면,2,2,0
4884025000,2025-10-31,경상남도,남해군,남해읍,2,1,1
4884031000,2025-10-31,경상남도,남해군,이동면,0,0,0
4884032000,2025-10-31,경상남도,남해군,상주면,0,0,0
4884033000,2025-10-31,경상남도,남해군,삼동면,1,1,0
4884034000,2025-10-31,경상남도,남해군,미조면,0,0,0
4884035000,2025-10-31,경상남도,남해군,남면,0,0,0
4884036000,2025-10-31,경상남도,남해군,서면,1,1,0
4884037000,2025-10-31,경상남도,남해군,고현면,0,0,0
4884038000,2025-10-31,경상남도,남해군,설천면,0,0,0
4884039000,2025-10-31,경상남도,남해군,창선면,1,0,1
4885025000,2025-10-31,경상남도,하동군,하동읍,1,0,1
4885031000,2025-10-31,경상남도,하동군,화개면,0,0,0
4885032000,2025-10-31,경상남도,하동군,악양면,2,1,1
4885033000,2025-10-31,경상남도,하동군,적량면,0,0,0
4885034000,2025-10-31,경상남도,하동군,횡천면,0,0,0
4885035000,2025-10-31,경상남도,하동군,고전면,0,0,0
4885036000,2025-10-31,경상남도,하동군,금남면,1,1,0
4885037000,2025-10-31,경상남도,하동군,진교면,1,1,0
4885038000,2025-10-31,경상남도,하동군,양보면,0,0,0
4885039000,2025-10-31,경상남도,하동군,북천면,0,0,0
4885040000,2025-10-31,경상남도,하동군,청암면,0,0,0
4885041000,2025-10-31,경상남도,하동군,옥종면,0,0,0
4885042000,2025-10-31,경상남도,하동군,금성면,0,0,0
4886025000,2025-10-31,경상남도,산청군,산청읍,4,2,2
4886031000,2025-10-31,경상남도,산청군,차황면,0,0,0
4886032000,2025-10-31,경상남도,산청군,오부면,0,0,0
4886033000,2025-10-31,경상남도,산청군,생초면,0,0,0
4886034000,2025-10-31,경상남도,산청군,금서면,0,0,0
4886035000,2025-10-31,경상남도,산청군,삼장면,0,0,0
4886036000,2025-10-31,경상남도,산청군,시천면,1,1,0
4886037000,2025-10-31,경상남도,산청군,단성면,1,0,1
4886038000,2025-10-31,경상남도,산청군,신안면,4,2,2
4886039000,2025-10-31,경상남도,산청군,생비량면,0,0,0
4886040000,2025-10-31,경상남도,산청군,신등면,0,0,0
4887025000,2025-10-31,경상남도,함양군,함양읍,2,1,1
4887031000,2025-10-31,경상남도,함양군,마천면,0,0,0
4887032000,2025-10-31,경상남도,함양군,휴천면,1,0,1
4887033000,2025-10-31,경상남도,함양군,유림면,0,0,0
4887034000,2025-10-31,경상남도,함양군,수동면,0,0,0
4887035000,2025-10-31,경상남도,함양군,지곡면,0,0,0
4887036000,2025-10-31,경상남도,함양군,안의면,0,0,0
4887037000,2025-10-31,경상남도,함양군,서하면,0,0,0
4887038000,2025-10-31,경상남도,함양군,서상면,0,0,0
4887039000,2025-10-31,경상남도,함양군,백전면,0,0,0
4887040000,2025-10-31,경상남도,함양군,병곡면,0,0,0
4888025000,2025-10-31,경상남도,거창군,거창읍,22,10,12
4888031000,2025-10-31,경상남도,거창군,주상면,0,0,0
4888032000,2025-10-31,경상남도,거창군,웅양면,0,0,0
4888033000,2025-10-31,경상남도,거창군,고제면,0,0,0
4888034000,2025-10-31,경상남도,거창군,북상면,0,0,0
4888035000,2025-10-31,경상남도,거창군,위천면,0,0,0
4888036000,2025-10-31,경상남도,거창군,마리면,0,0,0
4888037000,2025-10-31,경상남도,거창군,남상면,1,1,0
4888038000,2025-10-31,경상남도,거창군,남하면,0,0,0
4888039000,2025-10-31,경상남도,거창군,신원면,0,0,0
4888040000,2025-10-31,경상남도,거창군,가조면,1,0,1
4888041000,2025-10-31,경상남도,거창군,가북면,0,0,0
4889025000,2025-10-31,경상남도,합천군,합천읍,0,0,0
4889031000,2025-10-31,경상남도,합천군,봉산면,0,0,0
4889032000,2025-10-31,경상남도,합천군,묘산면,0,0,0
4889033000,2025-10-31,경상남도,합천군,가야면,1,1,0
4889034000,2025-10-31,경상남도,합천군,야로면,0,0,0
4889035000,2025-10-31,경상남도,합천군,율곡면,0,0,0
4889036000,2025-10-31,경상남도,합천군,초계면,0,0,0
4889037000,2025-10-31,경상남도,합천군,쌍책면,0,0,0
4889038000,2025-10-31,경상남도,합천군,덕곡면,0,0,0
4889039000,2025-10-31,경상남도,합천군,청덕면,0,0,0
4889040000,2025-10-31,경상남도,합천군,적중면,0,0,0
4889041000,2025-10-31,경상남도,합천군,대양면,0,0,0
4889042000,2025-10-31,경상남도,합천군,쌍백면,0,0,0
4889043000,2025-10-31,경상남도,합천군,삼가면,2,1,1
4889044000,2025-10-31,경상남도,합천군,가회면,0,0,0
4889045000,2025-10-31,경상남도,합천군,대병면,0,0,0
4889046000,2025-10-31,경상남도,합천군,용주면,0,0,0
5011025000,2025-10-31,제주특별자치도,제주시,한림읍,7,5,2
5011025300,2025-10-31,제주특별자치도,제주시,애월읍,15,8,7
5011025600,2025-10-31,제주특별자치도,제주시,구좌읍,3,1,2
5011025900,2025-10-31,제주특별자치도,제주시,조천읍,5,2,3
5011031000,2025-10-31,제주특별자치도,제주시,한경면,3,1,2
5011032000,2025-10-31,제주특별자치도,제주시,추자면,0,0,0
5011033000,2025-10-31,제주특별자치도,제주시,우도면,2,2,0
5011051000,2025-10-31,제주특별자치도,제주시,일도1동,1,0,1
5011052000,2025-10-31,제주특별자치도,제주시,일도2동,12,9,3
5011053000,2025-10-31,제주특별자치도,제주시,이도1동,1,1,0
5011054000,2025-10-31,제주특별자치도,제주시,이도2동,20,10,10
5011055000,2025-10-31,제주특별자치도,제주시,삼도1동,4,1,3
5011056000,2025-10-31,제주특별자치도,제주시,삼도2동,2,2,0
5011057000,2025-10-31,제주특별자치도,제주시,용담1동,1,0,1
5011058000,2025-10-31,제주특별자치도,제주시,용담2동,4,2,2
5011059000,2025-10-31,제주특별자치도,제주시,건입동,6,3,3
5011060000,2025-10-31,제주특별자치도,제주시,화북동,9,6,3
5011061000,2025-10-31,제주특별자치도,제주시,삼양동,19,13,6
5011062000,2025-10-31,제주특별자치도,제주시,봉개동,6,3,3
5011063000,2025-10-31,제주특별자치도,제주시,아라동,28,14,14
5011064000,2025-10-31,제주특별자치도,제주시,오라동,14,7,7
5011065000,2025-10-31,제주특별자치도,제주시,연동,15,11,4
5011066000,2025-10-31,제주특별자치도,제주시,노형동,18,12,6
5011067000,2025-10-31,제주특별자치도,제주시,외도동,16,6,10
5011068000,2025-10-31,제주특별자치도,제주시,이호동,2,1,1
5011069000,2025-10-31,제주특별자치도,제주시,도두동,3,2,1
5013025000,2025-10-31,제주특별자치도,서귀포시,대정읍,8,3,5
5013025300,2025-10-31,제주특별자치도,서귀포시,남원읍,5,2,3
5013025900,2025-10-31,제주특별자치도,서귀포시,성산읍,6,3,3
5013031000,2025-10-31,제주특별자치도,서귀포시,안덕면,4,2,2
5013032000,2025-10-31,제주특별자치도,서귀포시,표선면,3,1,2
5013051000,2025-10-31,제주특별자치도,서귀포시,송산동,1,1,0
5013052000,2025-10-31,제주특별자치도,서귀포시,정방동,0,0,0
5013053000,2025-10-31,제주특별자치도,서귀포시,중앙동,0,0,0
5013054000,2025-10-31,제주특별자치도,서귀포시,천지동,0,0,0
5013055000,2025-10-31,제주특별자치도,서귀포시,효돈동,0,0,0
5013056000,2025-10-31,제주특별자치도,서귀포시,영천동,1,0,1
5013057000,2025-10-31,제주특별자치도,서귀포시,동홍동,9,4,5
5013058000,2025-10-31,제주특별자치도,서귀포시,서홍동,4,3,1
5013059000,2025-10-31,제주특별자치도,서귀포시,대륜동,6,3,3
5013060000,2025-10-31,제주특별자치도,서귀포시,대천동,5,3,2
5013061000,2025-10-31,제주특별자치도,서귀포시,중문동,7,3,4
5013062000,2025-10-31,제주특별자치도,서귀포시,예래동,2,2,0
5111025000,2025-10-31,강원특별자치도,춘천시,신북읍,0,0,0
5111031000,2025-10-31,강원특별자치도,춘천시,동면,4,2,2
5111032000,2025-10-31,강원특별자치도,춘천시,동산면,0,0,0
5111033000,2025-10-31,강원특별자치도,춘천시,신동면,0,0,0
5111034000,2025-10-31,강원특별자치도,춘천시,남면,0,0,0
5111035000,2025-10-31,강원특별자치도,춘천시,서면,0,0,0
5111036000,2025-10-31,강원특별자치도,춘천시,사북면,0,0,0
5111038000,2025-10-31,강원특별자치도,춘천시,북산면,0,0,0
5111039000,2025-10-31,강원특별자치도,춘천시,동내면,12,5,7
5111040000,2025-10-31,강원특별자치도,춘천시,남산면,0,0,0
5111052000,2025-10-31,강원특별자치도,춘천시,교동,0,0,0
5111053000,2025-10-31,강원특별자치도,춘천시,조운동,0,0,0
5111054500,2025-10-31,강원특별자치도,춘천시,약사명동,3,2,1
5111057000,2025-10-31,강원특별자치도,춘천시,근화동,11,5,6
5111058000,2025-10-31,강원특별자치도,춘천시,소양동,5,1,4
5111060000,2025-10-31,강원특별자치도,춘천시,후평1동,2,2,0
5111061000,2025-10-31,강원특별자치도,춘천시,후평2동,6,4,2
5111061100,2025-10-31,강원특별자치도,춘천시,후평3동,4,3,1
5111062000,2025-10-31,강원특별자치도,춘천시,효자1동,1,0,1
5111063000,2025-10-31,강원특별자치도,춘천시,효자2동,0,0,0
5111064000,2025-10-31,강원특별자치도,춘천시,효자3동,2,2,0
5111065000,2025-10-31,강원특별자치도,춘천시,석사동,13,3,10
5111066000,2025-10-31,강원특별자치도,춘천시,퇴계동,14,6,8
5111067500,2025-10-31,강원특별자치도,춘천시,강남동,15,7,8
5111070500,2025-10-31,강원특별자치도,춘천시,신사우동,18,10,8
5113025000,2025-10-31,강원특별자치도,원주시,문막읍,8,6,2
5113031000,2025-10-31,강원특별자치도,원주시,소초면,0,0,0
5113032000,2025-10-31,강원특별자치도,원주시,호저면,0,0,0
5113033000,2025-10-31,강원특별자치도,원주시,지정면,36,21,15
5113035000,2025-10-31,강원특별자치도,원주시,부론면,0,0,0
5113036000,2025-10-31,강원특별자치도,원주시,귀래면,0,0,0
5113037000,2025-10-31,강원특별자치도,원주시,흥업면,1,0,1
5113038000,2025-10-31,강원특별자치도,원주시,판부면,1,1,0
5113039000,2025-10-31,강원특별자치도,원주시,신림면,1,0,1
5113051500,2025-10-31,강원특별자치도,원주시,중앙동,0,0,0
5113052000,2025-10-31,강원특별자치도,원주시,원인동,1,0,1
5113053000,2025-10-31,강원특별자치도,원주시,개운동,4,0,4
5113054100,2025-10-31,강원특별자치도,원주시,명륜1동,2,0,2
5113054200,2025-10-31,강원특별자치도,원주시,명륜2동,7,6,1
5113055000,2025-10-31,강원특별자치도,원주시,단구동,19,10,9
5113056000,2025-10-31,강원특별자치도,원주시,일산동,3,2,1
5113057500,2025-10-31,강원특별자치도,원주시,학성동,0,0,0
5113059000,2025-10-31,강원특별자치도,원주시,단계동,23,12,11
5113060000,2025-10-31,강원특별자치도,원주시,우산동,4,3,1
5113061000,2025-10-31,강원특별자치도,원주시,태장1동,6,4,2
5113062000,2025-10-31,강원특별자치도,원주시,태장2동,10,5,5
5113063500,2025-10-31,강원특별자치도,원주시,봉산동,3,1,2
5113065000,2025-10-31,강원특별자치도,원주시,행구동,0,0,0
5113066000,2025-10-31,강원특별자치도,원주시,무실동,23,11,12
5113067500,2025-10-31,강원특별자치도,원주시,반곡관설동,28,16,12
5115025000,2025-10-31,강원특별자치도,강릉시,주문진읍,5,2,3
5115031000,2025-10-31,강원특별자치도,강릉시,성산면,0,0,0
5115032000,2025-10-31,강원특별자치도,강릉시,왕산면,0,0,0
5115033000,2025-10-31,강원특별자치도,강릉시,구정면,0,0,0
5115034000,2025-10-31,강원특별자치도,강릉시,강동면,0,0,0
5115035000,2025-10-31,강원특별자치도,강릉시,옥계면,1,1,0
5115036000,2025-10-31,강원특별자치도,강릉시,사천면,0,0,0
5115037000,2025-10-31,강원특별자치도,강릉시,연곡면,2,1,1
5115051000,2025-10-31,강원특별자치도,강릉시,홍제동,8,4,4
5115052000,2025-10-31,강원특별자치도,강릉시,중앙동,0,0,0
5115054000,2025-10-31,강원특별자치도,강릉시,옥천동,0,0,0
5115055000,2025-10-31,강원특별자치도,강릉시,교1동,16,3,13
5115056000,2025-10-31,강원특별자치도,강릉시,교2동,9,4,5
5115057100,2025-10-31,강원특별자치도,강릉시,포남1동,1,1,0
5115057200,2025-10-31,강원특별자치도,강릉시,포남2동,4,2,2
5115058000,2025-10-31,강원특별자치도,강릉시,초당동,2,2,0
5115059000,2025-10-31,강원특별자치도,강릉시,송정동,4,2,2
5115060000,2025-10-31,강원특별자치도,강릉시,내곡동,8,6,2
5115061500,2025-10-31,강원특별자치도,강릉시,강남동,7,4,3
5115064500,2025-10-31,강원특별자치도,강릉시,성덕동,11,6,5
5115066500,2025-10-31,강원특별자치도,강릉시,경포동,3,1,2
5117051000,2025-10-31,강원특별자치도,동해시,천곡동,17,7,10
5117052000,2025-10-31,강원특별자치도,동해시,송정동,1,0,1
5117053000,2025-10-31,강원특별자치도,동해시,북삼동,13,6,7
5117054000,2025-10-31,강원특별자치도,동해시,부곡동,1,0,1
5117055000,2025-10-31,강원특별자치도,동해시,동호동,1,1,0
5117057000,2025-10-31,강원특별자치도,동해시,발한동,1,1,0
5117059000,2025-10-31,강원특별자치도,동해시,묵호동,0,0,0
5117060000,2025-10-31,강원특별자치도,동해시,북평동,7,3,4
5117063000,2025-10-31,강원특별자치도,동해시,망상동,0,0,0
5117065000,2025-10-31,강원특별자치도,동해시,삼화동,0,0,0
5119051500,2025-10-31,강원특별자치도,태백시,황지동,3,1,2
5119052500,2025-10-31,강원특별자치도,태백시,황연동,0,0,0
5119053500,2025-10-31,강원특별자치도,태백시,삼수동,0,0,0
5119054000,2025-10-31,강원특별자치도,태백시,상장동,4,2,2
5119058500,2025-10-31,강원특별자치도,태백시,문곡소도동,1,1,0
5119059500,2025-10-31,강원특별자치도,태백시,장성동,1,0,1
5119060500,2025-10-31,강원특별자치도,태백시,구문소동,0,0,0
5119061500,2025-10-31,강원특별자치도,태백시,철암동,0,0,0
5121051000,2025-10-31,강원특별자치도,속초시,영랑동,2,1,1
5121052000,2025-10-31,강원특별자치도,속초시,동명동,3,1,2
5121054000,2025-10-31,강원특별자치도,속초시,금호동,1,0,1
5121056000,2025-10-31,강원특별자치도,속초시,교동,1,0,1
5121057000,2025-10-31,강원특별자치도,속초시,노학동,8,6,2
5121058000,2025-10-31,강원특별자치도,속초시,조양동,7,6,1
5121059000,2025-10-31,강원특별자치도,속초시,청호동,1,0,1
5121060000,2025-10-31,강원특별자치도,속초시,대포동,0,0,0
5123025000,2025-10-31,강원특별자치도,삼척시,도계읍,2,1,1
5123025300,2025-10-31,강원특별자치도,삼척시,원덕읍,0,0,0
5123025400,2025-10-31,강원특별자치도,삼척시,원덕읍임원출장소,1,0,1
5123031000,2025-10-31,강원특별자치도,삼척시,근덕면,1,0,1
5123032000,2025-10-31,강원특별자치도,삼척시,하장면,0,0,0
5123033000,2025-10-31,강원특별자치도,삼척시,노곡면,0,0,0
5123034000,2025-10-31,강원특별자치도,삼척시,미로면,0,0,0
5123035000,2025-10-31,강원특별자치도,삼척시,가곡면,0,0,0
5123036000,2025-10-31,강원특별자치도,삼척시,신기면,0,0,0
5123051000,2025-10-31,강원특별자치도,삼척시,남양동,1,1,0
5123053000,2025-10-31,강원특별자치도,삼척시,교동,6,3,3
5123054000,2025-10-31,강원특별자치도,삼척시,정라동,5,4,1
5123057000,2025-10-31,강원특별자치도,삼척시,성내동,1,1,0
5172025000,2025-10-31,강원특별자치도,홍천군,홍천읍,17,7,10
5172031000,2025-10-31,강원특별자치도,홍천군,화촌면,1,1,0
5172032000,2025-10-31,강원특별자치도,홍천군,두촌면,1,0,1
5172033000,2025-10-31,강원특별자치도,홍천군,내촌면,0,0,0
5172034000,2025-10-31,강원특별자치도,홍천군,서석면,0,0,0
5172035200,2025-10-31,강원특별자치도,홍천군,영귀미면,0,0,0
5172036000,2025-10-31,강원특별자치도,홍천군,남면,2,1,1
5172037000,2025-10-31,강원특별자치도,홍천군,서면,0,0,0
5172038000,2025-10-31,강원특별자치도,홍천군,북방면,1,0,1
5172039000,2025-10-31,강원특별자치도,홍천군,내면,0,0,0
5173025000,2025-10-31,강원특별자치도,횡성군,횡성읍,8,5,3
5173031000,2025-10-31,강원특별자치도,횡성군,우천면,0,0,0
5173032000,2025-10-31,강원특별자치도,횡성군,안흥면,0,0,0
5173033000,2025-10-31,강원특별자치도,횡성군,둔내면,1,1,0
5173034000,2025-10-31,강원특별자치도,횡성군,갑천면,0,0,0
5173035000,2025-10-31,강원특별자치도,횡성군,청일면,1,1,0
5173036000,2025-10-31,강원특별자치도,횡성군,공근면,0,0,0
5173037000,2025-10-31,강원특별자치도,횡성군,서원면,0,0,0
5173038000,2025-10-31,강원특별자치도,횡성군,강림면,0,0,0
5175025000,2025-10-31,강원특별자치도,영월군,영월읍,6,2,4
5175025300,2025-10-31,강원특별자치도,영월군,상동읍,1,1,0
5175031200,2025-10-31,강원특별자치도,영월군,산솔면,0,0,0
5175032500,2025-10-31,강원특별자치도,영월군,김삿갓면,0,0,0
5175033000,2025-10-31,강원특별자치도,영월군,북면,0,0,0
5175034000,2025-10-31,강원특별자치도,영월군,남면,0,0,0
5175035500,2025-10-31,강원특별자치도,영월군,한반도면,0,0,0
5175035900,2025-10-31,강원특별자치도,영월군,한반도면쌍용출장소,1,1,0
5175036000,2025-10-31,강원특별자치도,영월군,주천면,0,0,0
5175038000,2025-10-31,강원특별자치도,영월군,무릉도원면,0,0,0
5176025000,2025-10-31,강원특별자치도,평창군,평창읍,4,1,3
5176031000,2025-10-31,강원특별자치도,평창군,미탄면,0,0,0
5176032000,2025-10-31,강원특별자치도,평창군,방림면,0,0,0
5176032500,2025-10-31,강원특별자치도,평창군,방림면계촌출장소,0,0,0
5176033000,2025-10-31,강원특별자치도,평창군,대화면,3,2,1
5176034000,2025-10-31,강원특별자치도,평창군,봉평면,1,0,1
5176035000,2025-10-31,강원특별자치도,평창군,용평면,0,0,0
5176036000,2025-10-31,강원특별자치도,평창군,진부면,0,0,0
5176038000,2025-10-31,강원특별자치도,평창군,대관령면,0,0,0
5177025000,2025-10-31,강원특별자치도,정선군,정선읍,1,0,1
5177025300,2025-10-31,강원특별자치도,정선군,고한읍,2,1,1
5177025600,2025-10-31,강원특별자치도,정선군,사북읍,0,0,0
5177025900,2025-10-31,강원특별자치도,정선군,신동읍,0,0,0
5177026000,2025-10-31,강원특별자치도,정선군,신동읍함백출장소,1,0,1
5177032000,2025-10-31,강원특별자치도,정선군,남면,0,0,0
5177034000,2025-10-31,강원특별자치도,정선군,북평면,0,0,0
5177035000,2025-10-31,강원특별자치도,정선군,임계면,0,0,0
5177036000,2025-10-31,강원특별자치도,정선군,화암면,0,0,0
5177037000,2025-10-31,강원특별자치도,정선군,여량면,1,1,0
5178025000,2025-10-31,강원특별자치도,철원군,철원읍,3,2,1
5178025300,2025-10-31,강원특별자치도,철원군,김화읍,1,0,1
5178025600,2025-10-31,강원특별자치도,철원군,갈말읍,5,1,4
5178025900,2025-10-31,강원특별자치도,철원군,동송읍,1,0,1
5178031000,2025-10-31,강원특별자치도,철원군,서면,2,2,0
5178031500,2025-10-31,강원특별자치도,철원군,서면와수출장소,1,1,0
5178032000,2025-10-31,강원특별자치도,철원군,근남면,2,0,2
5178033000,2025-10-31,강원특별자치도,철원군,근북면,0,0,0
5179025000,2025-10-31,강원특별자치도,화천군,화천읍,4,4,0
5179031000,2025-10-31,강원특별자치도,화천군,간동면,0,0,0
5179032000,2025-10-31,강원특별자치도,화천군,하남면,0,0,0
5179033000,2025-10-31,강원특별자치도,화천군,상서면,3,1,2
5179034000,2025-10-31,강원특별자치도,화천군,사내면,5,3,2
5180025000,2025-10-31,강원특별자치도,양구군,양구읍,9,3,6
5180031500,2025-10-31,강원특별자치도,양구군,국토정중앙면,0,0,0
5180032000,2025-10-31,강원특별자치도,양구군,동면,3,2,1
5180033000,2025-10-31,강원특별자치도,양구군,방산면,1,0,1
5180034000,2025-10-31,강원특별자치도,양구군,해안면,0,0,0
5181025000,2025-10-31,강원특별자치도,인제군,인제읍,4,0,4
5181025100,2025-10-31,강원특별자치도,인제군,인제읍귀둔출장소,0,0,0
5181031000,2025-10-31,강원특별자치도,인제군,남면,1,0,1
5181032000,2025-10-31,강원특별자치도,인제군,북면,5,2,3
5181033000,2025-10-31,강원특별자치도,인제군,기린면,2,1,1
5181034000,2025-10-31,강원특별자치도,인제군,서화면,4,1,3
5181035000,2025-10-31,강원특별자치도,인제군,상남면,0,0,0
5182025000,2025-10-31,강원특별자치도,고성군,간성읍,2,2,0
5182025300,2025-10-31,강원특별자치도,고성군,거진읍,3,2,1
5182031000,2025-10-31,강원특별자치도,고성군,현내면,0,0,0
5182032000,2025-10-31,강원특별자치도,고성군,죽왕면,2,1,1
5182033000,2025-10-31,강원특별자치도,고성군,토성면,1,1,0
5183025000,2025-10-31,강원특별자치도,양양군,양양읍,6,4,2
5183031000,2025-10-31,강원특별자치도,양양군,서면,0,0,0
5183032000,2025-10-31,강원특별자치도,양양군,손양면,0,0,0
5183033000,2025-10-31,강원특별자치도,양양군,현북면,0,0,0
5183034000,2025-10-31,강원특별자치도,양양군,현남면,0,0,0
5183035000,2025-10-31,강원특별자치도,양양군,강현면,0,0,0
5211151000,2025-10-31,전북특별자치도,전주시 완산구,중앙동,6,4,2
5211153000,2025-10-31,전북특별자치도,전주시 완산구,풍남동,1,1,0
5211160500,2025-10-31,전북특별자치도,전주시 완산구,노송동,4,2,2
5211163500,2025-10-31,전북특별자치도,전주시 완산구,완산동,4,3,1
5211165000,2025-10-31,전북특별자치도,전주시 완산구,동서학동,1,0,1
5211166000,2025-10-31,전북특별자치도,전주시 완산구,서서학동,0,0,0
5211167100,2025-10-31,전북특별자치도,전주시 완산구,중화산1동,6,3,3
5211167200,2025-10-31,전북특별자치도,전주시 완산구,중화산2동,1,0,1
5211168000,2025-10-31,전북특별자치도,전주시 완산구,서신동,15,9,6
5211169100,2025-10-31,전북특별자치도,전주시 완산구,평화1동,3,0,3
5211169200,2025-10-31,전북특별자치도,전주시 완산구,평화2동,14,9,5
5211170100,2025-10-31,전북특별자치도,전주시 완산구,삼천1동,4,3,1
5211170200,2025-10-31,전북특별자치도,전주시 완산구,삼천2동,2,1,1
5211170300,2025-10-31,전북특별자치도,전주시 완산구,삼천3동,4,2,2
5211171100,2025-10-31,전북특별자치도,전주시 완산구,효자1동,2,0,2
5211171200,2025-10-31,전북특별자치도,전주시 완산구,효자2동,3,2,1
5211171300,2025-10-31,전북특별자치도,전주시 완산구,효자3동,3,1,2
5211171400,2025-10-31,전북특별자치도,전주시 완산구,효자4동,8,5,3
5211173000,2025-10-31,전북특별자치도,전주시 완산구,효자5동,17,8,9
5211352500,2025-10-31,전북특별자치도,전주시 덕진구,진북동,2,0,2
5211354000,2025-10-31,전북특별자치도,전주시 덕진구,인후1동,6,1,5
5211355000,2025-10-31,전북특별자치도,전주시 덕진구,인후2동,2,2,0
5211356000,2025-10-31,전북특별자치도,전주시 덕진구,인후3동,9,5,4
5211357000,2025-10-31,전북특별자치도,전주시 덕진구,덕진동,11,5,6
5211357500,2025-10-31,전북특별자치도,전주시 덕진구,금암동,2,1,1
5211360000,2025-10-31,전북특별자치도,전주시 덕진구,팔복동,1,0,1
5211361100,2025-10-31,전북특별자치도,전주시 덕진구,우아1동,7,3,4
5211361200,2025-10-31,전북특별자치도,전주시 덕진구,우아2동,2,2,0
5211362000,2025-10-31,전북특별자치도,전주시 덕진구,호성동,3,1,2
5211364100,2025-10-31,전북특별자치도,전주시 덕진구,송천1동,26,14,12
5211364200,2025-10-31,전북특별자치도,전주시 덕진구,송천2동,14,5,9
5211364300,2025-10-31,전북특별자치도,전주시 덕진구,송천3동,13,7,6
5211365000,2025-10-31,전북특별자치도,전주시 덕진구,조촌동,8,2,6
5211366500,2025-10-31,전북특별자치도,전주시 덕진구,여의동,9,5,4
5211367000,2025-10-31,전북특별자치도,전주시 덕진구,혁신동,30,22,8
5213025000,2025-10-31,전북특별자치도,군산시,옥구읍,1,0,1
5213031000,2025-10-31,전북특별자치도,군산시,옥산면,2,1,1
5213032000,2025-10-31,전북특별자치도,군산시,회현면,0,0,0
5213033000,2025-10-31,전북특별자치도,군산시,임피면,0,0,0
5213034000,2025-10-31,전북특별자치도,군산시,서수면,0,0,0
5213035000,2025-10-31,전북특별자치도,군산시,대야면,0,0,0
5213036000,2025-10-31,전북특별자치도,군산시,개정면,0,0,0
5213037000,2025-10-31,전북특별자치도,군산시,성산면,0,0,0
5213038000,2025-10-31,전북특별자치도,군산시,나포면,0,0,0
5213039000,2025-10-31,전북특별자치도,군산시,옥도면,3,1,2
5213040000,2025-10-31,전북특별자치도,군산시,옥서면,0,0,0
5213051500,2025-10-31,전북특별자치도,군산시,해신동,0,0,0
5213053000,2025-10-31,전북특별자치도,군산시,월명동,1,0,1
5213055000,2025-10-31,전북특별자치도,군산시,신풍동,1,0,1
5213056000,2025-10-31,전북특별자치도,군산시,삼학동,0,0,0
5213060500,2025-10-31,전북특별자치도,군산시,중앙동,5,1,4
5213064000,2025-10-31,전북특별자치도,군산시,흥남동,8,6,2
5213065000,2025-10-31,전북특별자치도,군산시,조촌동,18,8,10
5213066000,2025-10-31,전북특별자치도,군산시,경암동,2,0,2
5213067000,2025-10-31,전북특별자치도,군산시,구암동,17,7,10
5213068000,2025-10-31,전북특별자치도,군산시,개정동,2,0,2
5213069000,2025-10-31,전북특별자치도,군산시,수송동,14,9,5
5213070100,2025-10-31,전북특별자치도,군산시,나운1동,7,3,4
5213070200,2025-10-31,전북특별자치도,군산시,나운2동,7,3,4
5213070300,2025-10-31,전북특별자치도,군산시,나운3동,8,2,6
5213071000,2025-10-31,전북특별자치도,군산시,소룡동,4,2,2
5213072000,2025-10-31,전북특별자치도,군산시,미성동,5,0,5
5214025000,2025-10-31,전북특별자치도,익산시,함열읍,1,1,0
5214031000,2025-10-31,전북특별자치도,익산시,오산면,1,0,1
5214032000,2025-10-31,전북특별자치도,익산시,황등면,0,0,0
5214033000,2025-10-31,전북특별자치도,익산시,함라면,0,0,0
5214034000,2025-10-31,전북특별자치도,익산시,웅포면,0,0,0
5214035000,2025-10-31,전북특별자치도,익산시,성당면,1,1,0
5214036000,2025-10-31,전북특별자치도,익산시,용안면,0,0,0
5214037000,2025-10-31,전북특별자치도,익산시,낭산면,0,0,0
5214038000,2025-10-31,전북특별자치도,익산시,망성면,0,0,0
5214039000,2025-10-31,전북특별자치도,익산시,여산면,0,0,0
5214040000,2025-10-31,전북특별자치도,익산시,금마면,1,0,1
5214041000,2025-10-31,전북특별자치도,익산시,왕궁면,5,3,2
5214042000,2025-10-31,전북특별자치도,익산시,춘포면,0,0,0
5214043000,2025-10-31,전북특별자치도,익산시,삼기면,0,0,0
5214044000,2025-10-31,전북특별자치도,익산시,용동면,1,0,1
5214052000,2025-10-31,전북특별자치도,익산시,중앙동,0,0,0
5214053000,2025-10-31,전북특별자치도,익산시,평화동,3,1,2
5214056000,2025-10-31,전북특별자치도,익산시,인화동,0,0,0
5214057000,2025-10-31,전북특별자치도,익산시,동산동,6,3,3
5214058000,2025-10-31,전북특별자치도,익산시,마동,25,9,16
5214059500,2025-10-31,전북특별자치도,익산시,남중동,1,1,0
5214061000,2025-10-31,전북특별자치도,익산시,모현동,14,8,6
5214062000,2025-10-31,전북특별자치도,익산시,송학동,9,6,3
5214064600,2025-10-31,전북특별자치도,익산시,영등1동,6,5,1
5214064700,2025-10-31,전북특별자치도,익산시,영등2동,4,3,1
5214065200,2025-10-31,전북특별자치도,익산시,어양동,5,3,2
5214065600,2025-10-31,전북특별자치도,익산시,신동,5,1,4
5214067000,2025-10-31,전북특별자치도,익산시,팔봉동,4,1,3
5214069000,2025-10-31,전북특별자치도,익산시,삼성동,10,7,3
5218025000,2025-10-31,전북특별자치도,정읍시,신태인읍,0,0,0
5218031000,2025-10-31,전북특별자치도,정읍시,북면,0,0,0
5218032000,2025-10-31,전북특별자치도,정읍시,입암면,0,0,0
5218033000,2025-10-31,전북특별자치도,정읍시,소성면,0,0,0
5218034000,2025-10-31,전북특별자치도,정읍시,고부면,1,0,1
5218035000,2025-10-31,전북특별자치도,정읍시,영원면,1,0,1
5218036000,2025-10-31,전북특별자치도,정읍시,덕천면,1,0,1
5218037000,2025-10-31,전북특별자치도,정읍시,이평면,0,0,0
5218038000,2025-10-31,전북특별자치도,정읍시,정우면,0,0,0
5218039000,2025-10-31,전북특별자치도,정읍시,태인면,1,0,1
5218040000,2025-10-31,전북특별자치도,정읍시,감곡면,1,1,0
5218041000,2025-10-31,전북특별자치도,정읍시,옹동면,0,0,0
5218042000,2025-10-31,전북특별자치도,정읍시,칠보면,0,0,0
5218043000,2025-10-31,전북특별자치도,정읍시,산내면,0,0,0
5218044000,2025-10-31,전북특별자치도,정읍시,산외면,0,0,0
5218051000,2025-10-31,전북특별자치도,정읍시,수성동,3,2,1
5218052000,2025-10-31,전북특별자치도,정읍시,장명동,1,1,0
5218053500,2025-10-31,전북특별자치도,정읍시,내장상동,8,3,5
5218054500,2025-10-31,전북특별자치도,정읍시,시기동,0,0,0
5218056500,2025-10-31,전북특별자치도,정읍시,초산동,2,1,1
5218057000,2025-10-31,전북특별자치도,정읍시,연지동,0,0,0
5218058000,2025-10-31,전북특별자치도,정읍시,농소동,0,0,0
5218059500,2025-10-31,전북특별자치도,정읍시,상교동,1,0,1
5219025000,2025-10-31,전북특별자치도,남원시,운봉읍,0,0,0
5219031000,2025-10-31,전북특별자치도,남원시,주천면,0,0,0
5219032000,2025-10-31,전북특별자치도,남원시,수지면,0,0,0
5219033000,2025-10-31,전북특별자치도,남원시,송동면,0,0,0
5219034000,2025-10-31,전북특별자치도,남원시,주생면,0,0,0
5219035000,2025-10-31,전북특별자치도,남원시,금지면,0,0,0
5219036000,2025-10-31,전북특별자치도,남원시,대강면,0,0,0
5219037000,2025-10-31,전북특별자치도,남원시,대산면,0,0,0
5219038000,2025-10-31,전북특별자치도,남원시,사매면,0,0,0
5219039000,2025-10-31,전북특별자치도,남원시,덕과면,0,0,0
5219040000,2025-10-31,전북특별자치도,남원시,보절면,0,0,0
5219041000,2025-10-31,전북특별자치도,남원시,산동면,0,0,0
5219042000,2025-10-31,전북특별자치도,남원시,이백면,0,0,0
5219045000,2025-10-31,전북특별자치도,남원시,아영면,0,0,0
5219046000,2025-10-31,전북특별자치도,남원시,산내면,0,0,0
5219047000,2025-10-31,전북특별자치도,남원시,인월면,0,0,0
5219051000,2025-10-31,전북특별자치도,남원시,동충동,0,0,0
5219052000,2025-10-31,전북특별자치도,남원시,죽항동,1,1,0
5219054000,2025-10-31,전북특별자치도,남원시,노암동,4,3,1
5219055000,2025-10-31,전북특별자치도,남원시,금동,0,0,0
5219056000,2025-10-31,전북특별자치도,남원시,왕정동,4,1,3
5219057000,2025-10-31,전북특별자치도,남원시,향교동,2,0,2
5219059000,2025-10-31,전북특별자치도,남원시,도통동,7,3,4
5221025000,2025-10-31,전북특별자치도,김제시,만경읍,1,0,1
5221032000,2025-10-31,전북특별자치도,김제시,죽산면,0,0,0
5221033000,2025-10-31,전북특별자치도,김제시,백산면,3,0,3
5221034000,2025-10-31,전북특별자치도,김제시,용지면,3,0,3
5221035000,2025-10-31,전북특별자치도,김제시,백구면,1,0,1
5221036000,2025-10-31,전북특별자치도,김제시,부량면,0,0,0
5221038000,2025-10-31,전북특별자치도,김제시,공덕면,3,2,1
5221039000,2025-10-31,전북특별자치도,김제시,청하면,0,0,0
5221040000,2025-10-31,전북특별자치도,김제시,성덕면,1,1,0
5221041000,2025-10-31,전북특별자치도,김제시,진봉면,0,0,0
5221042000,2025-10-31,전북특별자치도,김제시,금구면,3,2,1
5221043000,2025-10-31,전북특별자치도,김제시,봉남면,0,0,0
5221044000,2025-10-31,전북특별자치도,김제시,황산면,0,0,0
5221045000,2025-10-31,전북특별자치도,김제시,금산면,1,1,0
5221046000,2025-10-31,전북특별자치도,김제시,광활면,0,0,0
5221051000,2025-10-31,전북특별자치도,김제시,요촌동,2,1,1
5221052000,2025-10-31,전북특별자치도,김제시,신풍동,5,2,3
5221054000,2025-10-31,전북특별자치도,김제시,검산동,2,2,0
5221058000,2025-10-31,전북특별자치도,김제시,교월동,3,1,2
5271025000,2025-10-31,전북특별자치도,완주군,삼례읍,22,13,9
5271025300,2025-10-31,전북특별자치도,완주군,봉동읍,8,4,4
5271025600,2025-10-31,전북특별자치도,완주군,용진읍,11,8,3
5271032000,2025-10-31,전북특별자치도,완주군,상관면,0,0,0
5271033000,2025-10-31,전북특별자치도,완주군,이서면,8,4,4
5271034000,2025-10-31,전북특별자치도,완주군,소양면,1,1,0
5271035000,2025-10-31,전북특별자치도,완주군,구이면,0,0,0
5271036000,2025-10-31,전북특별자치도,완주군,고산면,0,0,0
5271037000,2025-10-31,전북특별자치도,완주군,비봉면,0,0,0
5271038000,2025-10-31,전북특별자치도,완주군,운주면,0,0,0
5271039000,2025-10-31,전북특별자치도,완주군,화산면,1,1,0
5271040000,2025-10-31,전북특별자치도,완주군,동상면,0,0,0
5271041000,2025-10-31,전북특별자치도,완주군,경천면,0,0,0
5272025000,2025-10-31,전북특별자치도,진안군,진안읍,3,3,0
5272031000,2025-10-31,전북특별자치도,진안군,용담면,0,0,0
5272032000,2025-10-31,전북특별자치도,진안군,안천면,1,1,0
5272033000,2025-10-31,전북특별자치도,진안군,동향면,1,0,1
5272034000,2025-10-31,전북특별자치도,진안군,상전면,0,0,0
5272035000,2025-10-31,전북특별자치도,진안군,백운면,2,1,1
5272036000,2025-10-31,전북특별자치도,진안군,성수면,0,0,0
5272037000,2025-10-31,전북특별자치도,진안군,마령면,2,1,1
5272038000,2025-10-31,전북특별자치도,진안군,부귀면,3,0,3
5272039000,2025-10-31,전북특별자치도,진안군,정천면,0,0,0
5272040000,2025-10-31,전북특별자치도,진안군,주천면,1,0,1
5273025000,2025-10-31,전북특별자치도,무주군,무주읍,4,2,2
5273031000,2025-10-31,전북특별자치도,무주군,무풍면,0,0,0
5273032000,2025-10-31,전북특별자치도,무주군,설천면,0,0,0
5273033000,2025-10-31,전북특별자치도,무주군,적상면,0,0,0
5273034000,2025-10-31,전북특별자치도,무주군,안성면,0,0,0
5273035000,2025-10-31,전북특별자치도,무주군,부남면,0,0,0
5274025000,2025-10-31,전북특별자치도,장수군,장수읍,3,1,2
5274031000,2025-10-31,전북특별자치도,장수군,산서면,0,0,0
5274032000,2025-10-31,전북특별자치도,장수군,번암면,1,1,0
5274033500,2025-10-31,전북특별자치도,장수군,장계면,1,1,0
5274034000,2025-10-31,전북특별자치도,장수군,천천면,1,1,0
5274035000,2025-10-31,전북특별자치도,장수군,계남면,0,0,0
5274036000,2025-10-31,전북특별자치도,장수군,계북면,0,0,0
5275025000,2025-10-31,전북특별자치도,임실군,임실읍,4,3,1
5275031000,2025-10-31,전북특별자치도,임실군,청웅면,0,0,0
5275032000,2025-10-31,전북특별자치도,임실군,운암면,0,0,0
5275033000,2025-10-31,전북특별자치도,임실군,신평면,0,0,0
5275034000,2025-10-31,전북특별자치도,임실군,성수면,1,0,1
5275035500,2025-10-31,전북특별자치도,임실군,오수면,2,1,1
5275036000,2025-10-31,전북특별자치도,임실군,신덕면,0,0,0
5275037000,2025-10-31,전북특별자치도,임실군,삼계면,0,0,0
5275038000,2025-10-31,전북특별자치도,임실군,관촌면,0,0,0
5275039000,2025-10-31,전북특별자치도,임실군,강진면,2,2,0
5275040000,2025-10-31,전북특별자치도,임실군,덕치면,1,1,0
5275041000,2025-10-31,전북특별자치도,임실군,지사면,0,0,0
5277025000,2025-10-31,전북특별자치도,순창군,순창읍,8,3,5
5277031000,2025-10-31,전북특별자치도,순창군,인계면,0,0,0
5277032000,2025-10-31,전북특별자치도,순창군,동계면,1,1,0
5277033000,2025-10-31,전북특별자치도,순창군,풍산면,0,0,0
5277034000,2025-10-31,전북특별자치도,순창군,금과면,0,0,0
5277035000,2025-10-31,전북특별자치도,순창군,팔덕면,0,0,0
5277036000,2025-10-31,전북특별자치도,순창군,쌍치면,0,0,0
5277037000,2025-10-31,전북특별자치도,순창군,복흥면,0,0,0
5277038000,2025-10-31,전북특별자치도,순창군,적성면,0,0,0
5277039000,2025-10-31,전북특별자치도,순창군,유등면,0,0,0
5277040000,2025-10-31,전북특별자치도,순창군,구림면,0,0,0
5279025000,2025-10-31,전북특별자치도,고창군,고창읍,10,6,4
5279031000,2025-10-31,전북특별자치도,고창군,고수면,0,0,0
5279032000,2025-10-31,전북특별자치도,고창군,아산면,2,0,2
5279033000,2025-10-31,전북특별자치도,고창군,무장면,1,1,0
5279034000,2025-10-31,전북특별자치도,고창군,공음면,0,0,0
5279035000,2025-10-31,전북특별자치도,고창군,상하면,0,0,0
5279036000,2025-10-31,전북특별자치도,고창군,해리면,0,0,0
5279037000,2025-10-31,전북특별자치도,고창군,성송면,1,1,0
5279038000,2025-10-31,전북특별자치도,고창군,대산면,1,1,0
5279039000,2025-10-31,전북특별자치도,고창군,심원면,1,1,0
5279040000,2025-10-31,전북특별자치도,고창군,흥덕면,0,0,0
5279041000,2025-10-31,전북특별자치도,고창군,성내면,0,0,0
5279042000,2025-10-31,전북특별자치도,고창군,신림면,0,0,0
5279043000,2025-10-31,전북특별자치도,고창군,부안면,0,0,0
5280025000,2025-10-31,전북특별자치도,부안군,부안읍,11,6,5
5280031000,2025-10-31,전북특별자치도,부안군,주산면,0,0,0
5280032000,2025-10-31,전북특별자치도,부안군,동진면,1,1,0
5280033000,2025-10-31,전북특별자치도,부안군,행안면,1,1,0
5280034000,2025-10-31,전북특별자치도,부안군,계화면,0,0,0
5280035000,2025-10-31,전북특별자치도,부안군,보안면,0,0,0
5280036000,2025-10-31,전북특별자치도,부안군,변산면,0,0,0
5280037000,2025-10-31,전북특별자치도,부안군,진서면,0,0,0
5280038000,2025-10-31,전북특별자치도,부안군,백산면,0,0,0
5280039000,2025-10-31,전북특별자치도,부안군,상서면,1,0,1
5280040000,2025-10-31,전북특별자치도,부안군,하서면,0,0,0
5280041000,2025-10-31,전북특별자치도,부안군,줄포면,0,0,0
5280042000,2025-10-31,전북특별자치도,부안군,위도면,0,0,0
